origin,    yr,trip_code,  sample_no,sub_sample_no,area ,species,    fish_no,  lgth,lgth_code,sex,gonad_stage,     weight,otolith_weight,otolith_weight2,otolith_lgth,otolith_width,material1,material2,fish_select_meth,proj_code   ,collection_date,comments
KAH,2020,kah2001,1,1,BPLE,SNA,1,45.6,E,2,,,,,,,1,,1,INT201803,15/02/2020,
KAH,2020,kah2001,1,1,BPLE,SNA,2,37.8,E,2,,1179,,,,,1,,1,INT201803,15/02/2020,
KAH,2020,kah2001,1,1,BPLE,SNA,3,34.8,E,2,,895,,,,,1,,1,INT201803,15/02/2020,
KAH,2020,kah2001,1,1,BPLE,SNA,4,30.3,E,3,,587,,,,,1,,1,INT201803,15/02/2020,
KAH,2020,kah2001,1,1,BPLE,SNA,5,33.6,E,2,,709,,,,,1,,1,INT201803,15/02/2020,
KAH,2020,kah2001,1,1,BPLE,SNA,6,33.6,E,3,,821,,,,,1,,1,INT201803,15/02/2020,
KAH,2020,kah2001,1,1,BPLE,SNA,7,32.1,E,2,,718,,,,,1,,1,INT201803,15/02/2020,
KAH,2020,kah2001,1,1,BPLE,SNA,8,34.1,E,2,,870,,,,,1,,1,INT201803,15/02/2020,
KAH,2020,kah2001,1,1,BPLE,SNA,9,42,E,2,,1666,,,,,1,,1,INT201803,15/02/2020,
KAH,2020,kah2001,1,1,BPLE,SNA,10,36.5,E,2,,1013,,,,,1,,1,INT201803,15/02/2020,
KAH,2020,kah2001,1,1,BPLE,SNA,11,37.9,E,2,,1056,,,,,1,,1,INT201803,15/02/2020,
KAH,2020,kah2001,1,1,BPLE,SNA,12,34,E,1,,846,,,,,1,,1,INT201803,15/02/2020,
KAH,2020,kah2001,1,1,BPLE,SNA,13,40.3,E,1,,1307,,,,,1,,1,INT201803,15/02/2020,
KAH,2020,kah2001,1,1,BPLE,SNA,14,40.2,E,2,,1336,,,,,1,,1,INT201803,15/02/2020,
KAH,2020,kah2001,1,1,BPLE,SNA,15,36.4,E,1,,947,,,,,1,,1,INT201803,15/02/2020,
KAH,2020,kah2001,1,1,BPLE,SNA,16,33.8,E,2,,821,,,,,1,,1,INT201803,15/02/2020,
KAH,2020,kah2001,1,1,BPLE,SNA,17,37.6,E,2,,1054,,,,,1,,1,INT201803,15/02/2020,
KAH,2020,kah2001,1,1,BPLE,SNA,18,34.2,E,1,,825,,,,,1,,1,INT201803,15/02/2020,
KAH,2020,kah2001,1,1,BPLE,SNA,19,33.3,E,1,,797,,,,,1,,1,INT201803,15/02/2020,
KAH,2020,kah2001,1,1,BPLE,SNA,20,32.8,E,2,,760,,,,,1,,1,INT201803,15/02/2020,
KAH,2020,kah2001,2,1,BPLE,SNA,1,30.1,E,1,,536,,,,,1,,1,INT201803,15/02/2020,
KAH,2020,kah2001,2,1,BPLE,SNA,2,40,E,2,,1262,,,,,1,,1,INT201803,15/02/2020,
KAH,2020,kah2001,2,1,BPLE,SNA,3,38.6,E,2,,1290,,,,,1,,1,INT201803,15/02/2020,
KAH,2020,kah2001,2,1,BPLE,SNA,4,37.4,E,3,,1276,,,,,1,,1,INT201803,15/02/2020,
KAH,2020,kah2001,2,1,BPLE,SNA,5,40.9,E,2,,1356,,,,,1,,1,INT201803,15/02/2020,
KAH,2020,kah2001,2,1,BPLE,SNA,6,40.8,E,1,,1412,,,,,1,,1,INT201803,15/02/2020,
KAH,2020,kah2001,2,1,BPLE,SNA,7,35.7,E,2,,882,,,,,1,,1,INT201803,15/02/2020,
KAH,2020,kah2001,2,1,BPLE,SNA,8,30.7,E,2,,640,,,,,1,,1,INT201803,15/02/2020,
KAH,2020,kah2001,2,1,BPLE,SNA,9,36,E,2,,906,,,,,1,,1,INT201803,15/02/2020,
KAH,2020,kah2001,2,1,BPLE,SNA,10,33.1,E,1,,724,,,,,1,,1,INT201803,15/02/2020,
KAH,2020,kah2001,2,1,BPLE,SNA,11,34.2,E,1,,830,,,,,1,,1,INT201803,15/02/2020,
KAH,2020,kah2001,2,1,BPLE,SNA,12,31,E,1,,588,,,,,1,,1,INT201803,15/02/2020,
KAH,2020,kah2001,2,1,BPLE,SNA,13,41.4,E,1,,1298,,,,,1,,1,INT201803,15/02/2020,
KAH,2020,kah2001,2,1,BPLE,SNA,14,32,E,1,,828,,,,,1,,1,INT201803,15/02/2020,
KAH,2020,kah2001,2,1,BPLE,SNA,15,42.1,E,1,,1646,,,,,1,,1,INT201803,15/02/2020,
KAH,2020,kah2001,2,1,BPLE,SNA,16,32.1,E,1,,692,,,,,1,,1,INT201803,15/02/2020,
KAH,2020,kah2001,2,1,BPLE,SNA,17,37.9,E,2,,1134,,,,,1,,1,INT201803,15/02/2020,
KAH,2020,kah2001,2,1,BPLE,SNA,18,13.8,E,2,,62,,,,,1,,1,INT201803,15/02/2020,
KAH,2020,kah2001,2,1,BPLE,SNA,19,10.3,E,3,,38,,,,,1,,1,INT201803,15/02/2020,
KAH,2020,kah2001,2,1,BPLE,SNA,20,10,E,3,,22,,,,,1,,1,INT201803,15/02/2020,
KAH,2020,kah2001,4,1,BPLE,SNA,1,35.2,E,1,,1036,,,,,1,,1,INT201803,16/02/2020,
KAH,2020,kah2001,4,1,BPLE,SNA,2,27.3,E,2,,412,,,,,1,,1,INT201803,16/02/2020,
KAH,2020,kah2001,4,1,BPLE,SNA,3,43,E,1,,1868,,,,,1,,1,INT201803,16/02/2020,
KAH,2020,kah2001,4,1,BPLE,SNA,4,36.4,E,2,,1010,,,,,1,,1,INT201803,16/02/2020,
KAH,2020,kah2001,4,1,BPLE,SNA,5,29.7,E,1,,592,,,,,1,,1,INT201803,16/02/2020,
KAH,2020,kah2001,4,1,BPLE,SNA,6,38.9,E,2,,1196,,,,,1,,1,INT201803,16/02/2020,
KAH,2020,kah2001,4,1,BPLE,SNA,7,30.3,E,1,,598,,,,,1,,1,INT201803,16/02/2020,
KAH,2020,kah2001,4,1,BPLE,SNA,8,53.5,E,2,,2870,,,,,1,,1,INT201803,16/02/2020,
KAH,2020,kah2001,4,1,BPLE,SNA,9,28.9,E,1,,530,,,,,1,,1,INT201803,16/02/2020,
KAH,2020,kah2001,4,1,BPLE,SNA,10,29.4,E,2,,530,,,,,1,,1,INT201803,16/02/2020,
KAH,2020,kah2001,4,1,BPLE,SNA,11,29.9,E,1,,596,,,,,1,,1,INT201803,16/02/2020,
KAH,2020,kah2001,4,1,BPLE,SNA,12,29.9,E,1,,638,,,,,1,,1,INT201803,16/02/2020,
KAH,2020,kah2001,4,1,BPLE,SNA,13,40.6,E,2,,1526,,,,,1,,1,INT201803,16/02/2020,
KAH,2020,kah2001,4,1,BPLE,SNA,14,35.6,E,1,,1008,,,,,1,,1,INT201803,16/02/2020,
KAH,2020,kah2001,4,1,BPLE,SNA,15,29,E,2,,576,,,,,1,,1,INT201803,16/02/2020,
KAH,2020,kah2001,4,1,BPLE,SNA,16,42.7,E,2,,1808,,,,,1,,1,INT201803,16/02/2020,
KAH,2020,kah2001,4,1,BPLE,SNA,17,29.1,E,1,,542,,,,,1,,1,INT201803,16/02/2020,
KAH,2020,kah2001,4,1,BPLE,SNA,18,28.6,E,1,,490,,,,,1,,1,INT201803,16/02/2020,
KAH,2020,kah2001,4,1,BPLE,SNA,19,27.5,E,1,,450,,,,,1,,1,INT201803,16/02/2020,
KAH,2020,kah2001,4,1,BPLE,SNA,20,10.2,E,3,,26,,,,,1,,1,INT201803,16/02/2020,
KAH,2020,kah2001,5,1,BPLE,SNA,1,39.8,E,1,,1326,,,,,1,,1,INT201803,16/02/2020,
KAH,2020,kah2001,5,1,BPLE,SNA,2,39.9,E,2,,1208,,,,,1,,1,INT201803,16/02/2020,
KAH,2020,kah2001,5,1,BPLE,SNA,3,37.3,E,1,,990,,,,,1,,1,INT201803,16/02/2020,
KAH,2020,kah2001,5,1,BPLE,SNA,4,45.9,E,2,,2062,,,,,1,,1,INT201803,16/02/2020,
KAH,2020,kah2001,5,1,BPLE,SNA,5,41.5,E,2,,1386,,,,,1,,1,INT201803,16/02/2020,
KAH,2020,kah2001,5,1,BPLE,SNA,6,41.4,E,2,,1412,,,,,1,,1,INT201803,16/02/2020,
KAH,2020,kah2001,5,1,BPLE,SNA,7,39.1,E,2,,1222,,,,,1,,1,INT201803,16/02/2020,
KAH,2020,kah2001,5,1,BPLE,SNA,8,42.7,E,3,,1694,,,,,1,,1,INT201803,16/02/2020,
KAH,2020,kah2001,5,1,BPLE,SNA,9,42,E,2,,1354,,,,,1,,1,INT201803,16/02/2020,
KAH,2020,kah2001,5,1,BPLE,SNA,10,36.5,E,1,7,924,,,,,1,,1,INT201803,16/02/2020,
KAH,2020,kah2001,5,1,BPLE,SNA,11,34.3,E,2,2,936,,,,,1,,1,INT201803,16/02/2020,
KAH,2020,kah2001,5,1,BPLE,SNA,12,46.4,E,2,2,2078,,,,,1,,1,INT201803,16/02/2020,
KAH,2020,kah2001,5,1,BPLE,SNA,13,42.8,E,1,2,1636,,,,,1,,1,INT201803,16/02/2020,
KAH,2020,kah2001,5,1,BPLE,SNA,14,33,E,1,2,788,,,,,1,,1,INT201803,16/02/2020,
KAH,2020,kah2001,5,1,BPLE,SNA,15,39.4,E,1,2,1414,,,,,1,,1,INT201803,16/02/2020,
KAH,2020,kah2001,5,1,BPLE,SNA,16,45.2,E,1,2,1974,,,,,1,,1,INT201803,16/02/2020,
KAH,2020,kah2001,5,1,BPLE,SNA,17,36.8,E,2,3,992,,,,,1,,1,INT201803,16/02/2020,
KAH,2020,kah2001,5,1,BPLE,SNA,18,34.4,E,1,4,884,,,,,1,,1,INT201803,16/02/2020,
KAH,2020,kah2001,5,1,BPLE,SNA,19,35.7,E,2,2,1022,,,,,1,,1,INT201803,16/02/2020,
KAH,2020,kah2001,5,1,BPLE,SNA,20,41.3,E,2,2,1516,,,,,1,,1,INT201803,16/02/2020,
KAH,2020,kah2001,6,1,BPLE,SNA,1,39.9,E,2,2,1322,,,,,1,,1,INT201803,16/02/2020,
KAH,2020,kah2001,6,1,BPLE,SNA,2,36.7,E,2,2,1072,,,,,1,,1,INT201803,16/02/2020,
KAH,2020,kah2001,7,1,BPLE,SNA,1,31.3,E,1,2,678,,,,,1,,1,INT201803,16/02/2020,
KAH,2020,kah2001,7,1,BPLE,SNA,2,32.4,E,2,2,708,,,,,1,,1,INT201803,16/02/2020,
KAH,2020,kah2001,7,1,BPLE,SNA,3,30.2,E,2,2,610,,,,,1,,1,INT201803,16/02/2020,
KAH,2020,kah2001,7,1,BPLE,SNA,4,38.7,E,2,2,1212,,,,,1,,1,INT201803,16/02/2020,
KAH,2020,kah2001,7,1,BPLE,SNA,5,31.2,E,2,2,712,,,,,1,,1,INT201803,16/02/2020,
KAH,2020,kah2001,7,1,BPLE,SNA,6,37.5,E,2,2,1096,,,,,1,,1,INT201803,16/02/2020,
KAH,2020,kah2001,7,1,BPLE,SNA,7,45.2,E,1,4,,,,,,1,,1,INT201803,16/02/2020,
KAH,2020,kah2001,7,1,BPLE,SNA,8,37.4,E,2,2,1082,,,,,1,,1,INT201803,16/02/2020,
KAH,2020,kah2001,7,1,BPLE,SNA,9,32.8,E,2,2,732,,,,,1,,1,INT201803,16/02/2020,
KAH,2020,kah2001,7,1,BPLE,SNA,10,30.8,E,2,2,676,,,,,1,,1,INT201803,16/02/2020,
KAH,2020,kah2001,7,1,BPLE,SNA,11,32.1,E,2,3,786,,,,,1,,1,INT201803,16/02/2020,
KAH,2020,kah2001,7,1,BPLE,SNA,12,28.8,E,2,2,496,,,,,1,,1,INT201803,16/02/2020,
KAH,2020,kah2001,7,1,BPLE,SNA,13,36.5,E,1,2,954,,,,,1,,1,INT201803,16/02/2020,
KAH,2020,kah2001,7,1,BPLE,SNA,14,31.7,E,2,2,618,,,,,1,,1,INT201803,16/02/2020,
KAH,2020,kah2001,7,1,BPLE,SNA,15,29.1,E,2,2,506,,,,,1,,1,INT201803,16/02/2020,
KAH,2020,kah2001,7,1,BPLE,SNA,16,31.3,E,2,3,660,,,,,1,,1,INT201803,16/02/2020,
KAH,2020,kah2001,7,1,BPLE,SNA,17,29.1,E,2,2,504,,,,,1,,1,INT201803,16/02/2020,
KAH,2020,kah2001,7,1,BPLE,SNA,18,34.4,E,1,2,816,,,,,1,,1,INT201803,16/02/2020,
KAH,2020,kah2001,7,1,BPLE,SNA,19,30,E,2,2,554,,,,,1,,1,INT201803,16/02/2020,
KAH,2020,kah2001,7,1,BPLE,SNA,20,35.2,E,2,2,1012,,,,,1,,1,INT201803,16/02/2020,
KAH,2020,kah2001,8,1,BPLE,SNA,1,16.2,E,1,1,118,,,,,1,,1,INT201803,16/02/2020,
KAH,2020,kah2001,8,1,BPLE,SNA,2,14.9,E,2,1,82,,,,,1,,1,INT201803,16/02/2020,
KAH,2020,kah2001,8,1,BPLE,SNA,3,15.3,E,1,1,90,,,,,1,,1,INT201803,16/02/2020,
KAH,2020,kah2001,8,1,BPLE,SNA,4,10.8,E,3,,30,,,,,1,,1,INT201803,16/02/2020,
KAH,2020,kah2001,8,1,BPLE,SNA,5,10,E,3,,32,,,,,1,,1,INT201803,16/02/2020,
KAH,2020,kah2001,8,1,BPLE,SNA,6,28,E,1,2,474,,,,,1,,1,INT201803,16/02/2020,
KAH,2020,kah2001,8,1,BPLE,SNA,7,29,E,1,2,502,,,,,1,,1,INT201803,16/02/2020,
KAH,2020,kah2001,8,1,BPLE,SNA,8,21.1,E,2,1,220,,,,,1,,1,INT201803,16/02/2020,
KAH,2020,kah2001,8,1,BPLE,SNA,9,29.6,E,1,3,600,,,,,1,,1,INT201803,16/02/2020,
KAH,2020,kah2001,8,1,BPLE,SNA,10,24.8,E,2,2,338,,,,,1,,1,INT201803,16/02/2020,
KAH,2020,kah2001,8,1,BPLE,SNA,11,25.6,E,1,2,420,,,,,1,,1,INT201803,16/02/2020,
KAH,2020,kah2001,8,1,BPLE,SNA,12,22.5,E,2,2,294,,,,,1,,1,INT201803,16/02/2020,
KAH,2020,kah2001,8,1,BPLE,SNA,13,21.7,E,1,1,254,,,,,1,,1,INT201803,16/02/2020,
KAH,2020,kah2001,8,1,BPLE,SNA,14,25.8,E,2,2,396,,,,,1,,1,INT201803,16/02/2020,
KAH,2020,kah2001,8,1,BPLE,SNA,15,28.4,E,2,2,516,,,,,1,,1,INT201803,16/02/2020,
KAH,2020,kah2001,8,1,BPLE,SNA,16,27.5,E,2,2,490,,,,,1,,1,INT201803,16/02/2020,
KAH,2020,kah2001,8,1,BPLE,SNA,17,27.9,E,2,2,484,,,,,1,,1,INT201803,16/02/2020,
KAH,2020,kah2001,8,1,BPLE,SNA,18,28,E,2,2,554,,,,,1,,1,INT201803,16/02/2020,
KAH,2020,kah2001,8,1,BPLE,SNA,19,25.7,E,1,2,452,,,,,1,,1,INT201803,16/02/2020,
KAH,2020,kah2001,8,1,BPLE,SNA,20,29.2,E,2,2,560,,,,,1,,1,INT201803,16/02/2020,
KAH,2020,kah2001,8,1,BPLE,SNA,21,28.6,E,1,3,510,,,,,1,,1,INT201803,16/02/2020,
KAH,2020,kah2001,8,1,BPLE,SNA,22,31.2,E,1,2,660,,,,,1,,1,INT201803,16/02/2020,
KAH,2020,kah2001,8,1,BPLE,SNA,23,29.4,E,1,2,558,,,,,1,,1,INT201803,16/02/2020,
KAH,2020,kah2001,8,1,BPLE,SNA,24,31.3,E,2,2,654,,,,,1,,1,INT201803,16/02/2020,
KAH,2020,kah2001,8,1,BPLE,SNA,25,34.3,E,2,2,900,,,,,1,,1,INT201803,16/02/2020,
KAH,2020,kah2001,8,1,BPLE,SNA,26,34,E,1,2,904,,,,,1,,1,INT201803,16/02/2020,
KAH,2020,kah2001,9,1,BPLE,SNA,1,30.7,E,2,2,636,,,,,1,,1,INT201803,16/02/2020,
KAH,2020,kah2001,9,1,BPLE,SNA,2,30.9,E,2,2,754,,,,,1,,1,INT201803,16/02/2020,
KAH,2020,kah2001,9,1,BPLE,SNA,3,31,E,2,2,610,,,,,1,,1,INT201803,16/02/2020,
KAH,2020,kah2001,9,1,BPLE,SNA,4,32.4,E,2,2,810,,,,,1,,1,INT201803,16/02/2020,
KAH,2020,kah2001,9,1,BPLE,SNA,5,32.6,E,1,2,810,,,,,1,,1,INT201803,16/02/2020,
KAH,2020,kah2001,9,1,BPLE,SNA,6,34.2,E,2,2,868,,,,,1,,1,INT201803,16/02/2020,
KAH,2020,kah2001,9,1,BPLE,SNA,7,36.5,E,1,2,1002,,,,,1,,1,INT201803,16/02/2020,
KAH,2020,kah2001,9,1,BPLE,SNA,8,36.8,E,1,2,1072,,,,,1,,1,INT201803,16/02/2020,
KAH,2020,kah2001,9,1,BPLE,SNA,9,30.6,E,2,2,660,,,,,1,,1,INT201803,16/02/2020,
KAH,2020,kah2001,9,1,BPLE,SNA,10,30.5,E,1,2,642,,,,,1,,1,INT201803,16/02/2020,
KAH,2020,kah2001,9,1,BPLE,SNA,11,38.6,E,2,2,1240,,,,,1,,1,INT201803,16/02/2020,
KAH,2020,kah2001,9,1,BPLE,SNA,12,34.8,E,1,2,936,,,,,1,,1,INT201803,16/02/2020,
KAH,2020,kah2001,9,1,BPLE,SNA,13,31.5,E,2,2,638,,,,,1,,1,INT201803,16/02/2020,
KAH,2020,kah2001,9,1,BPLE,SNA,14,31.5,E,2,2,666,,,,,1,,1,INT201803,16/02/2020,
KAH,2020,kah2001,9,1,BPLE,SNA,15,52.3,E,2,3,2506,,,,,1,,1,INT201803,16/02/2020,
KAH,2020,kah2001,9,1,BPLE,SNA,16,46.9,E,2,2,1900,,,,,1,,1,INT201803,16/02/2020,
KAH,2020,kah2001,10,1,BPLE,SNA,1,34.1,E,2,2,906,,,,,1,,1,INT201803,16/02/2020,
KAH,2020,kah2001,10,1,BPLE,SNA,2,27.2,E,1,2,436,,,,,1,,1,INT201803,16/02/2020,
KAH,2020,kah2001,10,1,BPLE,SNA,3,26.6,E,1,2,486,,,,,1,,1,INT201803,16/02/2020,
KAH,2020,kah2001,10,1,BPLE,SNA,4,27.3,E,1,3,474,,,,,1,,1,INT201803,16/02/2020,
KAH,2020,kah2001,10,1,BPLE,SNA,5,26.6,E,2,3,424,,,,,1,,1,INT201803,16/02/2020,
KAH,2020,kah2001,10,1,BPLE,SNA,6,40.7,E,2,2,1564,,,,,1,,1,INT201803,16/02/2020,
KAH,2020,kah2001,10,1,BPLE,SNA,7,27.7,E,2,3,486,,,,,1,,1,INT201803,16/02/2020,
KAH,2020,kah2001,10,1,BPLE,SNA,8,27,E,1,2,414,,,,,1,,1,INT201803,16/02/2020,
KAH,2020,kah2001,10,1,BPLE,SNA,9,9.6,E,3,,22,,,,,1,,1,INT201803,16/02/2020,
KAH,2020,kah2001,10,1,BPLE,SNA,10,26.7,E,1,2,482,,,,,1,,1,INT201803,16/02/2020,
KAH,2020,kah2001,10,1,BPLE,SNA,11,33.7,E,2,2,876,,,,,1,,1,INT201803,16/02/2020,
KAH,2020,kah2001,10,1,BPLE,SNA,12,29.9,E,1,2,694,,,,,1,,1,INT201803,16/02/2020,
KAH,2020,kah2001,10,1,BPLE,SNA,13,11.2,E,3,,30,,,,,1,,1,INT201803,16/02/2020,
KAH,2020,kah2001,10,1,BPLE,SNA,14,26.7,E,2,2,454,,,,,1,,1,INT201803,16/02/2020,
KAH,2020,kah2001,10,1,BPLE,SNA,15,29.5,E,1,2,546,,,,,1,,1,INT201803,16/02/2020,
KAH,2020,kah2001,10,1,BPLE,SNA,16,30.2,E,2,2,630,,,,,1,,1,INT201803,16/02/2020,
KAH,2020,kah2001,10,1,BPLE,SNA,17,27.6,E,1,3,510,,,,,1,,1,INT201803,16/02/2020,
KAH,2020,kah2001,10,1,BPLE,SNA,18,31.1,E,2,2,702,,,,,1,,1,INT201803,16/02/2020,
KAH,2020,kah2001,10,1,BPLE,SNA,19,29.9,E,2,2,640,,,,,1,,1,INT201803,16/02/2020,
KAH,2020,kah2001,10,1,BPLE,SNA,20,26.6,E,2,3,470,,,,,1,,1,INT201803,16/02/2020,
KAH,2020,kah2001,10,1,BPLE,SNA,21,9.4,E,3,,22,,,,,1,,1,INT201803,16/02/2020,
KAH,2020,kah2001,11,1,BPLE,SNA,1,28.8,E,2,3,526,,,,,1,,1,INT201803,16/02/2020,
KAH,2020,kah2001,11,1,BPLE,SNA,2,26.2,E,2,2,414,,,,,1,,1,INT201803,16/02/2020,
KAH,2020,kah2001,11,1,BPLE,SNA,3,31.3,E,2,3,716,,,,,1,,1,INT201803,16/02/2020,
KAH,2020,kah2001,11,1,BPLE,SNA,4,32.9,E,2,3,798,,,,,1,,1,INT201803,16/02/2020,
KAH,2020,kah2001,11,1,BPLE,SNA,5,37.3,E,2,2,1070,,,,,1,,1,INT201803,16/02/2020,
KAH,2020,kah2001,11,1,BPLE,SNA,6,22.2,E,2,2,256,,,,,1,,1,INT201803,16/02/2020,
KAH,2020,kah2001,11,1,BPLE,SNA,7,25.3,E,2,3,346,,,,,1,,1,INT201803,16/02/2020,
KAH,2020,kah2001,11,1,BPLE,SNA,8,21.8,E,1,2,246,,,,,1,,1,INT201803,16/02/2020,
KAH,2020,kah2001,11,1,BPLE,SNA,9,26.9,E,1,3,452,,,,,1,,1,INT201803,16/02/2020,
KAH,2020,kah2001,11,1,BPLE,SNA,10,34.5,E,2,2,862,,,,,1,,1,INT201803,16/02/2020,
KAH,2020,kah2001,11,1,BPLE,SNA,11,39.2,E,2,2,1290,,,,,1,,1,INT201803,16/02/2020,
KAH,2020,kah2001,11,1,BPLE,SNA,12,38.1,E,1,2,1328,,,,,1,,1,INT201803,16/02/2020,
KAH,2020,kah2001,11,1,BPLE,SNA,13,29.1,E,1,3,520,,,,,1,,1,INT201803,16/02/2020,
KAH,2020,kah2001,11,1,BPLE,SNA,14,29.4,E,1,2,598,,,,,1,,1,INT201803,16/02/2020,
KAH,2020,kah2001,11,1,BPLE,SNA,15,22.4,E,2,3,240,,,,,1,,1,INT201803,16/02/2020,
KAH,2020,kah2001,11,1,BPLE,SNA,16,26.3,E,1,2,450,,,,,1,,1,INT201803,16/02/2020,
KAH,2020,kah2001,11,1,BPLE,SNA,17,32.5,E,2,3,760,,,,,1,,1,INT201803,16/02/2020,
KAH,2020,kah2001,11,1,BPLE,SNA,18,27,E,2,2,446,,,,,1,,1,INT201803,16/02/2020,
KAH,2020,kah2001,11,1,BPLE,SNA,19,9.9,E,3,,24,,,,,1,,1,INT201803,16/02/2020,
KAH,2020,kah2001,11,1,BPLE,SNA,20,35.9,E,2,2,960,,,,,1,,1,INT201803,16/02/2020,
KAH,2020,kah2001,12,1,BPLE,SNA,1,34.1,E,2,3,846,,,,,1,,1,INT201803,17/02/2020,
KAH,2020,kah2001,12,1,BPLE,SNA,2,29.2,E,2,2,526,,,,,1,,1,INT201803,17/02/2020,
KAH,2020,kah2001,12,1,BPLE,SNA,3,42.1,E,1,4,1638,,,,,1,,1,INT201803,17/02/2020,
KAH,2020,kah2001,12,1,BPLE,SNA,4,36.3,E,2,3,944,,,,,1,,1,INT201803,17/02/2020,
KAH,2020,kah2001,12,1,BPLE,SNA,5,51,E,2,4,3106,,,,,1,,1,INT201803,17/02/2020,
KAH,2020,kah2001,12,1,BPLE,SNA,6,31.3,E,2,2,684,,,,,1,,1,INT201803,17/02/2020,
KAH,2020,kah2001,12,1,BPLE,SNA,7,34.1,E,1,3,826,,,,,1,,1,INT201803,17/02/2020,
KAH,2020,kah2001,12,1,BPLE,SNA,8,47.2,E,2,3,2068,,,,,1,,1,INT201803,17/02/2020,
KAH,2020,kah2001,12,1,BPLE,SNA,9,53.4,E,1,3,,,,,,1,,1,INT201803,17/02/2020,
KAH,2020,kah2001,12,1,BPLE,SNA,10,36.2,E,2,4,1120,,,,,1,,1,INT201803,17/02/2020,
KAH,2020,kah2001,12,1,BPLE,SNA,11,28.6,E,1,2,520,,,,,1,,1,INT201803,17/02/2020,
KAH,2020,kah2001,12,1,BPLE,SNA,12,30.3,E,2,2,638,,,,,1,,1,INT201803,17/02/2020,
KAH,2020,kah2001,12,1,BPLE,SNA,13,27.7,E,1,2,494,,,,,1,,1,INT201803,17/02/2020,
KAH,2020,kah2001,12,1,BPLE,SNA,14,29.9,E,2,4,616,,,,,1,,1,INT201803,17/02/2020,
KAH,2020,kah2001,12,1,BPLE,SNA,15,38.8,E,2,4,1274,,,,,1,,1,INT201803,17/02/2020,
KAH,2020,kah2001,12,1,BPLE,SNA,16,30.2,E,2,4,594,,,,,1,,1,INT201803,17/02/2020,
KAH,2020,kah2001,12,1,BPLE,SNA,17,28.6,E,1,2,502,,,,,1,,1,INT201803,17/02/2020,
KAH,2020,kah2001,12,1,BPLE,SNA,18,32.9,E,1,4,744,,,,,1,,1,INT201803,17/02/2020,
KAH,2020,kah2001,12,1,BPLE,SNA,19,38.7,E,1,5,1238,,,,,1,,1,INT201803,17/02/2020,
KAH,2020,kah2001,12,1,BPLE,SNA,20,28.2,E,2,3,480,,,,,1,,1,INT201803,17/02/2020,
KAH,2020,kah2001,13,1,BPLE,SNA,1,34.1,E,2,3,818,,,,,1,,1,INT201803,17/02/2020,
KAH,2020,kah2001,13,1,BPLE,SNA,2,29.9,E,2,3,602,,,,,1,,1,INT201803,17/02/2020,
KAH,2020,kah2001,13,1,BPLE,SNA,3,32.1,E,1,3,724,,,,,1,,1,INT201803,17/02/2020,
KAH,2020,kah2001,13,1,BPLE,SNA,4,20.9,E,2,2,208,,,,,1,,1,INT201803,17/02/2020,
KAH,2020,kah2001,13,1,BPLE,SNA,5,36.9,E,2,3,1176,,,,,1,,1,INT201803,17/02/2020,
KAH,2020,kah2001,13,1,BPLE,SNA,6,34.8,E,1,5,976,,,,,1,,1,INT201803,17/02/2020,
KAH,2020,kah2001,13,1,BPLE,SNA,7,22.6,E,1,1,284,,,,,1,,1,INT201803,17/02/2020,
KAH,2020,kah2001,13,1,BPLE,SNA,8,35.2,E,2,3,1074,,,,,1,,1,INT201803,17/02/2020,
KAH,2020,kah2001,13,1,BPLE,SNA,9,37,E,2,3,1124,,,,,1,,1,INT201803,17/02/2020,
KAH,2020,kah2001,13,1,BPLE,SNA,10,30.2,E,2,3,590,,,,,1,,1,INT201803,17/02/2020,
KAH,2020,kah2001,13,1,BPLE,SNA,11,26.7,E,1,3,410,,,,,1,,1,INT201803,17/02/2020,
KAH,2020,kah2001,13,1,BPLE,SNA,12,25.1,E,2,2,388,,,,,1,,1,INT201803,17/02/2020,
KAH,2020,kah2001,13,1,BPLE,SNA,13,35.7,E,1,5,1002,,,,,1,,1,INT201803,17/02/2020,
KAH,2020,kah2001,13,1,BPLE,SNA,14,31,E,1,2,668,,,,,1,,1,INT201803,17/02/2020,
KAH,2020,kah2001,13,1,BPLE,SNA,15,29.6,E,2,3,564,,,,,1,,1,INT201803,17/02/2020,
KAH,2020,kah2001,13,1,BPLE,SNA,16,26.4,E,1,2,432,,,,,1,,1,INT201803,17/02/2020,
KAH,2020,kah2001,13,1,BPLE,SNA,17,28.4,E,2,3,484,,,,,1,,1,INT201803,17/02/2020,
KAH,2020,kah2001,13,1,BPLE,SNA,18,26.4,E,1,2,432,,,,,1,,1,INT201803,17/02/2020,
KAH,2020,kah2001,13,1,BPLE,SNA,19,19.7,E,2,1,180,,,,,1,,1,INT201803,17/02/2020,
KAH,2020,kah2001,13,1,BPLE,SNA,20,12,E,3,,48,,,,,1,,1,INT201803,17/02/2020,
KAH,2020,kah2001,13,1,BPLE,SNA,21,16.4,E,3,,106,,,,,1,,1,INT201803,17/02/2020,
KAH,2020,kah2001,13,1,BPLE,SNA,22,17.6,E,3,,126,,,,,1,,1,INT201803,17/02/2020,
KAH,2020,kah2001,13,1,BPLE,SNA,23,20.9,E,1,1,212,,,,,1,,1,INT201803,17/02/2020,
KAH,2020,kah2001,13,1,BPLE,SNA,24,16.4,E,1,1,110,,,,,1,,1,INT201803,17/02/2020,
KAH,2020,kah2001,13,1,BPLE,SNA,25,17.9,E,1,1,134,,,,,1,,1,INT201803,17/02/2020,
KAH,2020,kah2001,13,1,BPLE,SNA,26,12.5,E,3,,44,,,,,1,,1,INT201803,17/02/2020,
KAH,2020,kah2001,13,1,BPLE,SNA,27,11.4,E,3,,42,,,,,1,,1,INT201803,17/02/2020,
KAH,2020,kah2001,13,1,BPLE,SNA,28,10.7,E,3,,36,,,,,1,,1,INT201803,17/02/2020,
KAH,2020,kah2001,14,1,BPLE,SNA,1,31,E,1,2,674,,,,,1,,1,INT201803,17/02/2020,
KAH,2020,kah2001,14,1,BPLE,SNA,2,29.9,E,2,3,594,,,,,1,,1,INT201803,17/02/2020,
KAH,2020,kah2001,14,1,BPLE,SNA,3,33.1,E,2,3,780,,,,,1,,1,INT201803,17/02/2020,
KAH,2020,kah2001,14,1,BPLE,SNA,4,26.1,E,2,3,432,,,,,1,,1,INT201803,17/02/2020,
KAH,2020,kah2001,14,1,BPLE,SNA,5,26.3,E,1,3,416,,,,,1,,1,INT201803,17/02/2020,
KAH,2020,kah2001,14,1,BPLE,SNA,6,26.2,E,1,2,418,,,,,1,,1,INT201803,17/02/2020,
KAH,2020,kah2001,14,1,BPLE,SNA,7,28.5,E,2,3,522,,,,,1,,1,INT201803,17/02/2020,
KAH,2020,kah2001,14,1,BPLE,SNA,8,26.7,E,2,3,434,,,,,1,,1,INT201803,17/02/2020,
KAH,2020,kah2001,14,1,BPLE,SNA,9,34.1,E,2,3,894,,,,,1,,1,INT201803,17/02/2020,
KAH,2020,kah2001,14,1,BPLE,SNA,10,35.9,E,2,3,976,,,,,1,,1,INT201803,17/02/2020,
KAH,2020,kah2001,14,1,BPLE,SNA,11,31.2,E,1,4,718,,,,,1,,1,INT201803,17/02/2020,
KAH,2020,kah2001,14,1,BPLE,SNA,12,31,E,1,5,656,,,,,1,,1,INT201803,17/02/2020,
KAH,2020,kah2001,14,1,BPLE,SNA,13,33.1,E,1,5,742,,,,,1,,1,INT201803,17/02/2020,
KAH,2020,kah2001,14,1,BPLE,SNA,14,29.1,E,2,3,554,,,,,1,,1,INT201803,17/02/2020,
KAH,2020,kah2001,14,1,BPLE,SNA,15,26,E,2,2,400,,,,,1,,1,INT201803,17/02/2020,
KAH,2020,kah2001,14,1,BPLE,SNA,16,29.1,E,2,3,516,,,,,1,,1,INT201803,17/02/2020,
KAH,2020,kah2001,14,1,BPLE,SNA,17,31.2,E,2,3,708,,,,,1,,1,INT201803,17/02/2020,
KAH,2020,kah2001,14,1,BPLE,SNA,18,15.8,E,1,1,98,,,,,1,,1,INT201803,17/02/2020,
KAH,2020,kah2001,14,1,BPLE,SNA,19,18,E,2,1,138,,,,,1,,1,INT201803,17/02/2020,
KAH,2020,kah2001,14,1,BPLE,SNA,21,8.9,E,3,,16,,,,,1,,1,INT201803,17/02/2020,
KAH,2020,kah2001,14,1,BPLE,SNA,22,9.1,E,3,,14,,,,,1,,1,INT201803,17/02/2020,
KAH,2020,kah2001,14,1,BPLE,SNA,23,9.2,E,3,,18,,,,,1,,1,INT201803,17/02/2020,
KAH,2020,kah2001,14,1,BPLE,SNA,24,9.2,E,3,,16,,,,,1,,1,INT201803,17/02/2020,
KAH,2020,kah2001,15,1,BPLE,SNA,1,36.4,E,1,2,1054,,,,,1,,1,INT201803,17/02/2020,
KAH,2020,kah2001,15,1,BPLE,SNA,2,26.9,E,2,2,470,,,,,1,,1,INT201803,17/02/2020,
KAH,2020,kah2001,15,1,BPLE,SNA,3,28,E,2,2,494,,,,,1,,1,INT201803,17/02/2020,
KAH,2020,kah2001,15,1,BPLE,SNA,4,34,E,2,2,826,,,,,1,,1,INT201803,17/02/2020,
KAH,2020,kah2001,15,1,BPLE,SNA,5,26.3,E,1,2,414,,,,,1,,1,INT201803,17/02/2020,
KAH,2020,kah2001,15,1,BPLE,SNA,6,19.7,E,2,1,168,,,,,1,,1,INT201803,17/02/2020,
KAH,2020,kah2001,15,1,BPLE,SNA,7,27.4,E,1,2,468,,,,,1,,1,INT201803,17/02/2020,
KAH,2020,kah2001,15,1,BPLE,SNA,8,26.9,E,2,2,438,,,,,1,,1,INT201803,17/02/2020,
KAH,2020,kah2001,15,1,BPLE,SNA,9,40.8,E,1,5,1392,,,,,1,,1,INT201803,17/02/2020,
KAH,2020,kah2001,15,1,BPLE,SNA,10,32.5,E,2,2,770,,,,,1,,1,INT201803,17/02/2020,
KAH,2020,kah2001,15,1,BPLE,SNA,11,27.4,E,2,2,456,,,,,1,,1,INT201803,17/02/2020,
KAH,2020,kah2001,15,1,BPLE,SNA,12,24.3,E,1,2,320,,,,,1,,1,INT201803,17/02/2020,
KAH,2020,kah2001,15,1,BPLE,SNA,13,18.7,E,2,1,168,,,,,1,,1,INT201803,17/02/2020,
KAH,2020,kah2001,15,1,BPLE,SNA,14,23.6,E,2,3,290,,,,,1,,1,INT201803,17/02/2020,
KAH,2020,kah2001,15,1,BPLE,SNA,15,26.5,E,1,2,468,,,,,1,,1,INT201803,17/02/2020,
KAH,2020,kah2001,15,1,BPLE,SNA,16,36.1,E,2,2,964,,,,,1,,1,INT201803,17/02/2020,
KAH,2020,kah2001,15,1,BPLE,SNA,17,30.7,E,2,2,642,,,,,1,,1,INT201803,17/02/2020,
KAH,2020,kah2001,15,1,BPLE,SNA,18,28.3,E,2,2,492,,,,,1,,1,INT201803,17/02/2020,
KAH,2020,kah2001,15,1,BPLE,SNA,19,25.6,E,2,2,392,,,,,1,,1,INT201803,17/02/2020,
KAH,2020,kah2001,15,1,BPLE,SNA,20,21.8,E,2,1,244,,,,,1,,1,INT201803,17/02/2020,
KAH,2020,kah2001,15,1,BPLE,SNA,21,19.1,E,2,1,160,,,,,1,,1,INT201803,17/02/2020,
KAH,2020,kah2001,15,1,BPLE,SNA,22,18.2,E,1,1,146,,,,,1,,1,INT201803,17/02/2020,
KAH,2020,kah2001,15,1,BPLE,SNA,23,11.4,E,3,,38,,,,,1,,1,INT201803,17/02/2020,
KAH,2020,kah2001,15,1,BPLE,SNA,24,18.2,E,3,,158,,,,,1,,1,INT201803,17/02/2020,
KAH,2020,kah2001,15,1,BPLE,SNA,25,11,E,3,,30,,,,,1,,1,INT201803,17/02/2020,
KAH,2020,kah2001,15,1,BPLE,SNA,26,8.8,E,3,,14,,,,,1,,1,INT201803,17/02/2020,
KAH,2020,kah2001,15,1,BPLE,SNA,27,17.6,E,2,1,124,,,,,1,,1,INT201803,17/02/2020,
KAH,2020,kah2001,15,1,BPLE,SNA,28,15.5,E,2,1,84,,,,,1,,1,INT201803,17/02/2020,
KAH,2020,kah2001,15,1,BPLE,SNA,29,13.4,E,3,,60,,,,,1,,1,INT201803,17/02/2020,
KAH,2020,kah2001,16,1,BPLE,SNA,1,26.1,E,2,3,390,,,,,1,,1,INT201803,17/02/2020,
KAH,2020,kah2001,16,1,BPLE,SNA,2,38.3,E,2,3,1156,,,,,1,,1,INT201803,17/02/2020,
KAH,2020,kah2001,16,1,BPLE,SNA,3,35,E,2,3,918,,,,,1,,1,INT201803,17/02/2020,
KAH,2020,kah2001,16,1,BPLE,SNA,4,26.1,E,1,2,434,,,,,1,,1,INT201803,17/02/2020,
KAH,2020,kah2001,16,1,BPLE,SNA,5,35.4,E,1,3,886,,,,,1,,1,INT201803,17/02/2020,
KAH,2020,kah2001,16,1,BPLE,SNA,6,30.5,E,2,2,614,,,,,1,,1,INT201803,17/02/2020,
KAH,2020,kah2001,16,1,BPLE,SNA,7,27.6,E,1,2,474,,,,,1,,1,INT201803,17/02/2020,
KAH,2020,kah2001,16,1,BPLE,SNA,8,31.2,E,2,2,722,,,,,1,,1,INT201803,17/02/2020,
KAH,2020,kah2001,16,1,BPLE,SNA,9,34.9,E,2,2,910,,,,,1,,1,INT201803,17/02/2020,
KAH,2020,kah2001,16,1,BPLE,SNA,10,38.7,E,1,2,1232,,,,,1,,1,INT201803,17/02/2020,
KAH,2020,kah2001,16,1,BPLE,SNA,11,39.1,E,2,3,1290,,,,,1,,1,INT201803,17/02/2020,
KAH,2020,kah2001,16,1,BPLE,SNA,12,32.9,E,2,2,764,,,,,1,,1,INT201803,17/02/2020,
KAH,2020,kah2001,16,1,BPLE,SNA,13,25.9,E,2,2,378,,,,,1,,1,INT201803,17/02/2020,
KAH,2020,kah2001,16,1,BPLE,SNA,14,27.1,E,2,3,430,,,,,1,,1,INT201803,17/02/2020,
KAH,2020,kah2001,16,1,BPLE,SNA,15,28.8,E,2,2,520,,,,,1,,1,INT201803,17/02/2020,
KAH,2020,kah2001,16,1,BPLE,SNA,16,28.1,E,1,2,488,,,,,1,,1,INT201803,17/02/2020,
KAH,2020,kah2001,16,1,BPLE,SNA,17,46.5,E,2,2,2324,,,,,1,,1,INT201803,17/02/2020,
KAH,2020,kah2001,16,1,BPLE,SNA,18,26.7,E,1,2,448,,,,,1,,1,INT201803,17/02/2020,
KAH,2020,kah2001,16,1,BPLE,SNA,19,21.3,E,1,2,226,,,,,1,,1,INT201803,17/02/2020,
KAH,2020,kah2001,16,1,BPLE,SNA,20,20.6,E,1,1,186,,,,,1,,1,INT201803,17/02/2020,
KAH,2020,kah2001,16,1,BPLE,SNA,21,22.8,E,2,3,298,,,,,1,,1,INT201803,17/02/2020,
KAH,2020,kah2001,16,1,BPLE,SNA,22,23.8,E,2,2,328,,,,,1,,1,INT201803,17/02/2020,
KAH,2020,kah2001,16,1,BPLE,SNA,23,24.5,E,2,3,348,,,,,1,,1,INT201803,17/02/2020,
KAH,2020,kah2001,16,1,BPLE,SNA,24,22.7,E,1,2,282,,,,,1,,1,INT201803,17/02/2020,
KAH,2020,kah2001,17,1,BPLE,SNA,1,25.5,E,1,3,364,,,,,1,,1,INT201803,17/02/2020,
KAH,2020,kah2001,17,1,BPLE,SNA,3,24.8,E,1,2,352,,,,,1,,1,INT201803,17/02/2020,
KAH,2020,kah2001,17,1,BPLE,SNA,4,41.3,E,1,5,1514,,,,,1,,1,INT201803,17/02/2020,
KAH,2020,kah2001,17,1,BPLE,SNA,5,35.5,E,2,3,930,,,,,1,,1,INT201803,17/02/2020,
KAH,2020,kah2001,17,1,BPLE,SNA,6,40.5,E,2,3,1340,,,,,1,,1,INT201803,17/02/2020,
KAH,2020,kah2001,17,1,BPLE,SNA,7,33,E,1,5,846,,,,,1,,1,INT201803,17/02/2020,
KAH,2020,kah2001,17,1,BPLE,SNA,8,45.6,E,2,3,2096,,,,,1,,1,INT201803,17/02/2020,
KAH,2020,kah2001,17,1,BPLE,SNA,9,23.3,E,2,2,308,,,,,1,,1,INT201803,17/02/2020,
KAH,2020,kah2001,17,1,BPLE,SNA,10,26.5,E,2,3,392,,,,,1,,1,INT201803,17/02/2020,
KAH,2020,kah2001,17,1,BPLE,SNA,11,25.6,E,1,3,368,,,,,1,,1,INT201803,17/02/2020,
KAH,2020,kah2001,17,1,BPLE,SNA,12,53.5,E,2,4,3148,,,,,1,,1,INT201803,17/02/2020,
KAH,2020,kah2001,17,1,BPLE,SNA,13,36,E,1,4,1000,,,,,1,,1,INT201803,17/02/2020,
KAH,2020,kah2001,17,1,BPLE,SNA,14,31.7,E,2,3,692,,,,,1,,1,INT201803,17/02/2020,
KAH,2020,kah2001,17,1,BPLE,SNA,15,28.1,E,1,2,462,,,,,1,,1,INT201803,17/02/2020,
KAH,2020,kah2001,17,1,BPLE,SNA,16,34.3,E,2,2,834,,,,,1,,1,INT201803,17/02/2020,
KAH,2020,kah2001,17,1,BPLE,SNA,17,25.1,E,2,2,332,,,,,1,,1,INT201803,17/02/2020,
KAH,2020,kah2001,17,1,BPLE,SNA,18,14.8,E,3,,74,,,,,1,,1,INT201803,17/02/2020,
KAH,2020,kah2001,17,1,BPLE,SNA,19,9.8,E,3,,24,,,,,1,,1,INT201803,17/02/2020,
KAH,2020,kah2001,17,1,BPLE,SNA,20,14.3,E,1,1,,,,,,1,,1,INT201803,17/02/2020,
KAH,2020,kah2001,17,1,BPLE,SNA,21,9.1,E,3,,16,,,,,1,,1,INT201803,17/02/2020,
KAH,2020,kah2001,17,1,BPLE,SNA,22,9.7,E,3,,20,,,,,1,,1,INT201803,17/02/2020,
KAH,2020,kah2001,17,1,BPLE,SNA,23,9.2,E,3,,18,,,,,1,,1,INT201803,17/02/2020,
KAH,2020,kah2001,17,1,BPLE,SNA,24,13.2,E,3,,46,,,,,1,,1,INT201803,17/02/2020,
KAH,2020,kah2001,17,1,BPLE,SNA,25,10.1,E,3,,28,,,,,1,,1,INT201803,17/02/2020,
KAH,2020,kah2001,17,1,BPLE,SNA,26,14.9,E,2,1,86,,,,,1,,1,INT201803,17/02/2020,
KAH,2020,kah2001,17,1,BPLE,SNA,27,16.6,E,1,1,108,,,,,1,,1,INT201803,17/02/2020,
KAH,2020,kah2001,17,1,BPLE,SNA,28,12.4,E,3,,44,,,,,1,,1,INT201803,17/02/2020,
KAH,2020,kah2001,17,1,BPLE,SNA,29,12.3,E,3,,46,,,,,1,,1,INT201803,17/02/2020,
KAH,2020,kah2001,17,1,BPLE,SNA,30,12.3,E,3,,42,,,,,1,,1,INT201803,17/02/2020,
KAH,2020,kah2001,18,1,BPLE,SNA,1,26.4,E,2,2,406,,,,,1,,1,INT201803,17/02/2020,
KAH,2020,kah2001,18,1,BPLE,SNA,2,29.7,E,2,2,554,,,,,1,,1,INT201803,17/02/2020,
KAH,2020,kah2001,18,1,BPLE,SNA,3,26.3,E,1,3,412,,,,,1,,1,INT201803,17/02/2020,
KAH,2020,kah2001,18,1,BPLE,SNA,4,27.1,E,1,2,480,,,,,1,,1,INT201803,17/02/2020,
KAH,2020,kah2001,18,1,BPLE,SNA,5,36.1,E,1,3,974,,,,,1,,1,INT201803,17/02/2020,
KAH,2020,kah2001,18,1,BPLE,SNA,6,31.9,E,1,2,720,,,,,1,,1,INT201803,17/02/2020,
KAH,2020,kah2001,18,1,BPLE,SNA,7,32.5,E,1,3,690,,,,,1,,1,INT201803,17/02/2020,
KAH,2020,kah2001,18,1,BPLE,SNA,8,43.7,E,1,2,1608,,,,,1,,1,INT201803,17/02/2020,
KAH,2020,kah2001,18,1,BPLE,SNA,9,39.2,E,1,3,1256,,,,,1,,1,INT201803,17/02/2020,
KAH,2020,kah2001,18,1,BPLE,SNA,10,28.3,E,1,5,514,,,,,1,,1,INT201803,17/02/2020,
KAH,2020,kah2001,18,1,BPLE,SNA,11,37.3,E,1,5,1160,,,,,1,,1,INT201803,17/02/2020,
KAH,2020,kah2001,18,1,BPLE,SNA,12,28.7,E,1,2,502,,,,,1,,1,INT201803,17/02/2020,
KAH,2020,kah2001,18,1,BPLE,SNA,13,25.8,E,2,3,368,,,,,1,,1,INT201803,17/02/2020,
KAH,2020,kah2001,18,1,BPLE,SNA,14,25,E,1,2,380,,,,,1,,1,INT201803,17/02/2020,
KAH,2020,kah2001,18,1,BPLE,SNA,15,26.7,E,1,4,470,,,,,1,,1,INT201803,17/02/2020,
KAH,2020,kah2001,18,1,BPLE,SNA,16,26,E,1,2,394,,,,,1,,1,INT201803,17/02/2020,
KAH,2020,kah2001,18,1,BPLE,SNA,17,30.3,E,1,3,592,,,,,1,,1,INT201803,17/02/2020,
KAH,2020,kah2001,18,1,BPLE,SNA,18,25.9,E,1,2,382,,,,,1,,1,INT201803,17/02/2020,
KAH,2020,kah2001,18,1,BPLE,SNA,19,26.4,E,1,2,408,,,,,1,,1,INT201803,17/02/2020,
KAH,2020,kah2001,18,1,BPLE,SNA,20,33.3,E,1,3,762,,,,,1,,1,INT201803,17/02/2020,
KAH,2020,kah2001,18,1,BPLE,SNA,21,55.5,E,2,3,3420,,,,,1,,1,INT201803,17/02/2020,
KAH,2020,kah2001,18,1,BPLE,SNA,23,19.4,E,2,1,182,,,,,1,,1,INT201803,17/02/2020,
KAH,2020,kah2001,19,1,BPLE,SNA,1,29.6,E,2,2,606,,,,,1,,1,INT201803,18/02/2020,
KAH,2020,kah2001,19,1,BPLE,SNA,2,19.3,E,1,2,436,,,,,1,,1,INT201803,18/02/2020,
KAH,2020,kah2001,19,1,BPLE,SNA,3,33.8,E,2,3,898,,,,,1,,1,INT201803,18/02/2020,
KAH,2020,kah2001,19,1,BPLE,SNA,4,27.3,E,2,3,512,,,,,1,,1,INT201803,18/02/2020,
KAH,2020,kah2001,19,1,BPLE,SNA,5,26.7,E,2,2,440,,,,,1,,1,INT201803,18/02/2020,
KAH,2020,kah2001,19,1,BPLE,SNA,6,33.2,E,1,4,756,,,,,1,,1,INT201803,18/02/2020,
KAH,2020,kah2001,19,1,BPLE,SNA,7,33.8,E,2,3,912,,,,,1,,1,INT201803,18/02/2020,
KAH,2020,kah2001,19,1,BPLE,SNA,8,27.3,E,2,3,468,,,,,1,,1,INT201803,18/02/2020,
KAH,2020,kah2001,19,1,BPLE,SNA,9,25.4,E,1,2,398,,,,,1,,1,INT201803,18/02/2020,
KAH,2020,kah2001,19,1,BPLE,SNA,10,29,E,2,3,528,,,,,1,,1,INT201803,18/02/2020,
KAH,2020,kah2001,19,1,BPLE,SNA,11,26.8,E,2,2,426,,,,,1,,1,INT201803,18/02/2020,
KAH,2020,kah2001,19,1,BPLE,SNA,12,33.8,E,2,3,860,,,,,1,,1,INT201803,18/02/2020,
KAH,2020,kah2001,19,1,BPLE,SNA,13,27,E,1,3,500,,,,,1,,1,INT201803,18/02/2020,
KAH,2020,kah2001,19,1,BPLE,SNA,14,29.4,E,1,2,592,,,,,1,,1,INT201803,18/02/2020,
KAH,2020,kah2001,19,1,BPLE,SNA,15,29.1,E,2,2,542,,,,,1,,1,INT201803,18/02/2020,
KAH,2020,kah2001,19,1,BPLE,SNA,16,28.5,E,2,2,520,,,,,1,,1,INT201803,18/02/2020,
KAH,2020,kah2001,19,1,BPLE,SNA,17,33.5,E,2,3,844,,,,,1,,1,INT201803,18/02/2020,
KAH,2020,kah2001,19,1,BPLE,SNA,18,24.4,E,2,2,348,,,,,1,,1,INT201803,18/02/2020,
KAH,2020,kah2001,19,1,BPLE,SNA,19,26.1,E,2,2,450,,,,,1,,1,INT201803,18/02/2020,
KAH,2020,kah2001,19,1,BPLE,SNA,20,20.7,E,2,2,204,,,,,1,,1,INT201803,18/02/2020,
KAH,2020,kah2001,19,1,BPLE,SNA,21,11.6,E,3,,36,,,,,1,,1,INT201803,18/02/2020,
KAH,2020,kah2001,19,1,BPLE,SNA,22,17.3,E,2,1,110,,,,,1,,1,INT201803,18/02/2020,
KAH,2020,kah2001,19,1,BPLE,SNA,23,14.8,E,2,1,74,,,,,1,,1,INT201803,18/02/2020,
KAH,2020,kah2001,20,1,BPLE,SNA,1,25.1,E,1,2,362,,,,,1,,1,INT201803,18/02/2020,
KAH,2020,kah2001,20,1,BPLE,SNA,2,33.3,E,2,3,814,,,,,1,,1,INT201803,18/02/2020,
KAH,2020,kah2001,20,1,BPLE,SNA,3,26.3,E,1,2,430,,,,,1,,1,INT201803,18/02/2020,
KAH,2020,kah2001,20,1,BPLE,SNA,4,32.9,E,2,2,878,,,,,1,,1,INT201803,18/02/2020,
KAH,2020,kah2001,20,1,BPLE,SNA,5,33.9,E,2,3,896,,,,,1,,1,INT201803,18/02/2020,
KAH,2020,kah2001,20,1,BPLE,SNA,6,26.8,E,2,2,444,,,,,1,,1,INT201803,18/02/2020,
KAH,2020,kah2001,20,1,BPLE,SNA,7,27.8,E,1,3,480,,,,,1,,1,INT201803,18/02/2020,
KAH,2020,kah2001,20,1,BPLE,SNA,8,21.2,E,2,2,194,,,,,1,,1,INT201803,18/02/2020,
KAH,2020,kah2001,20,1,BPLE,SNA,9,34.2,E,2,2,882,,,,,1,,1,INT201803,18/02/2020,
KAH,2020,kah2001,20,1,BPLE,SNA,10,25.3,E,1,2,378,,,,,1,,1,INT201803,18/02/2020,
KAH,2020,kah2001,20,1,BPLE,SNA,11,38.3,E,1,3,1314,,,,,1,,1,INT201803,18/02/2020,
KAH,2020,kah2001,20,1,BPLE,SNA,12,32.6,E,2,4,816,,,,,1,,1,INT201803,18/02/2020,
KAH,2020,kah2001,20,1,BPLE,SNA,13,26,E,2,3,392,,,,,1,,1,INT201803,18/02/2020,
KAH,2020,kah2001,20,1,BPLE,SNA,14,23,E,1,2,286,,,,,1,,1,INT201803,18/02/2020,
KAH,2020,kah2001,20,1,BPLE,SNA,15,25,E,2,4,344,,,,,1,,1,INT201803,18/02/2020,
KAH,2020,kah2001,20,1,BPLE,SNA,16,26.7,E,1,2,436,,,,,1,,1,INT201803,18/02/2020,
KAH,2020,kah2001,20,1,BPLE,SNA,17,25.4,E,1,2,378,,,,,1,,1,INT201803,18/02/2020,
KAH,2020,kah2001,20,1,BPLE,SNA,18,28.4,E,1,2,516,,,,,1,,1,INT201803,18/02/2020,
KAH,2020,kah2001,20,1,BPLE,SNA,19,17.8,E,2,1,126,,,,,1,,1,INT201803,18/02/2020,
KAH,2020,kah2001,20,1,BPLE,SNA,20,18.2,E,3,,148,,,,,1,,1,INT201803,18/02/2020,
KAH,2020,kah2001,20,1,BPLE,SNA,21,21,E,1,1,224,,,,,1,,1,INT201803,18/02/2020,
KAH,2020,kah2001,20,1,BPLE,SNA,22,18.6,E,2,1,162,,,,,1,,1,INT201803,18/02/2020,
KAH,2020,kah2001,20,1,BPLE,SNA,23,17.4,E,2,1,122,,,,,1,,1,INT201803,18/02/2020,
KAH,2020,kah2001,20,1,BPLE,SNA,24,15.6,E,2,1,90,,,,,1,,1,INT201803,18/02/2020,
KAH,2020,kah2001,20,1,BPLE,SNA,25,15.1,E,2,1,80,,,,,1,,1,INT201803,18/02/2020,
KAH,2020,kah2001,21,1,BPLE,SNA,1,31,E,1,3,656,,,,,1,,1,INT201803,18/02/2020,
KAH,2020,kah2001,21,1,BPLE,SNA,2,26.5,E,1,3,444,,,,,1,,1,INT201803,18/02/2020,
KAH,2020,kah2001,21,1,BPLE,SNA,3,25.8,E,2,3,398,,,,,1,,1,INT201803,18/02/2020,
KAH,2020,kah2001,21,1,BPLE,SNA,4,30.2,E,1,3,666,,,,,1,,1,INT201803,18/02/2020,
KAH,2020,kah2001,21,1,BPLE,SNA,5,28.4,E,1,3,494,,,,,1,,1,INT201803,18/02/2020,
KAH,2020,kah2001,21,1,BPLE,SNA,6,35,E,1,3,714,,,,,1,,1,INT201803,18/02/2020,
KAH,2020,kah2001,21,1,BPLE,SNA,7,27.9,E,1,2,462,,,,,1,,1,INT201803,18/02/2020,
KAH,2020,kah2001,21,1,BPLE,SNA,8,28.4,E,2,3,556,,,,,1,,1,INT201803,18/02/2020,
KAH,2020,kah2001,21,1,BPLE,SNA,9,53.5,E,2,4,3002,,,,,1,,1,INT201803,18/02/2020,
KAH,2020,kah2001,21,1,BPLE,SNA,10,17.9,E,2,1,132,,,,,1,,1,INT201803,18/02/2020,
KAH,2020,kah2001,21,1,BPLE,SNA,11,13.9,E,3,,72,,,,,1,,1,INT201803,18/02/2020,
KAH,2020,kah2001,21,1,BPLE,SNA,12,12.4,E,3,,44,,,,,1,,1,INT201803,18/02/2020,
KAH,2020,kah2001,21,1,BPLE,SNA,13,11.5,E,3,,38,,,,,1,,1,INT201803,18/02/2020,
KAH,2020,kah2001,21,1,BPLE,SNA,14,12,E,3,,36,,,,,1,,1,INT201803,18/02/2020,
KAH,2020,kah2001,21,1,BPLE,SNA,15,12.6,E,3,,42,,,,,1,,1,INT201803,18/02/2020,
KAH,2020,kah2001,21,1,BPLE,SNA,16,11.3,E,3,,34,,,,,1,,1,INT201803,18/02/2020,
KAH,2020,kah2001,21,1,BPLE,SNA,17,9.8,E,3,,20,,,,,1,,1,INT201803,18/02/2020,
KAH,2020,kah2001,21,1,BPLE,SNA,18,11.1,E,3,,32,,,,,1,,1,INT201803,18/02/2020,
KAH,2020,kah2001,21,1,BPLE,SNA,19,10.1,E,3,,32,,,,,1,,1,INT201803,18/02/2020,
KAH,2020,kah2001,21,1,BPLE,SNA,20,9.4,E,3,,22,,,,,1,,1,INT201803,18/02/2020,
KAH,2020,kah2001,21,1,BPLE,SNA,21,15.4,E,2,1,92,,,,,1,,1,INT201803,18/02/2020,
KAH,2020,kah2001,21,1,BPLE,SNA,22,8.4,E,3,,38,,,,,1,,1,INT201803,18/02/2020,
KAH,2020,kah2001,21,1,BPLE,SNA,23,13,E,3,,46,,,,,1,,1,INT201803,18/02/2020,
KAH,2020,kah2001,21,1,BPLE,SNA,24,9.8,E,3,,20,,,,,1,,1,INT201803,18/02/2020,
KAH,2020,kah2001,21,1,BPLE,SNA,25,18,E,2,1,140,,,,,1,,1,INT201803,18/02/2020,
KAH,2020,kah2001,21,1,BPLE,SNA,26,12.4,E,3,,40,,,,,1,,1,INT201803,18/02/2020,
KAH,2020,kah2001,21,1,BPLE,SNA,27,9.4,E,3,,36,,,,,1,,1,INT201803,18/02/2020,
KAH,2020,kah2001,21,1,BPLE,SNA,28,9,E,3,,14,,,,,1,,1,INT201803,18/02/2020,
KAH,2020,kah2001,22,1,BPLE,SNA,1,29,E,2,3,522,,,,,1,,1,INT201803,18/02/2020,
KAH,2020,kah2001,22,1,BPLE,SNA,2,23,E,1,3,304,,,,,1,,1,INT201803,18/02/2020,
KAH,2020,kah2001,22,1,BPLE,SNA,3,30.3,E,1,3,648,,,,,1,,1,INT201803,18/02/2020,
KAH,2020,kah2001,22,1,BPLE,SNA,4,25.9,E,2,3,412,,,,,1,,1,INT201803,18/02/2020,
KAH,2020,kah2001,22,1,BPLE,SNA,5,33.1,E,2,3,816,,,,,1,,1,INT201803,18/02/2020,
KAH,2020,kah2001,22,1,BPLE,SNA,6,21.3,E,1,3,262,,,,,1,,1,INT201803,18/02/2020,
KAH,2020,kah2001,22,1,BPLE,SNA,7,31.5,E,1,3,734,,,,,1,,1,INT201803,18/02/2020,
KAH,2020,kah2001,22,1,BPLE,SNA,8,26.2,E,1,2,414,,,,,1,,1,INT201803,18/02/2020,
KAH,2020,kah2001,22,1,BPLE,SNA,9,29.8,E,1,2,596,,,,,1,,1,INT201803,18/02/2020,
KAH,2020,kah2001,22,1,BPLE,SNA,10,25.8,E,2,2,398,,,,,1,,1,INT201803,18/02/2020,
KAH,2020,kah2001,22,1,BPLE,SNA,11,35,E,1,3,938,,,,,1,,1,INT201803,18/02/2020,
KAH,2020,kah2001,22,1,BPLE,SNA,12,37,E,1,2,1100,,,,,1,,1,INT201803,18/02/2020,
KAH,2020,kah2001,22,1,BPLE,SNA,13,17.2,E,2,1,124,,,,,1,,1,INT201803,18/02/2020,
KAH,2020,kah2001,22,1,BPLE,SNA,14,16.6,E,3,,114,,,,,1,,1,INT201803,18/02/2020,
KAH,2020,kah2001,22,1,BPLE,SNA,15,15.8,E,3,,90,,,,,1,,1,INT201803,18/02/2020,
KAH,2020,kah2001,22,1,BPLE,SNA,16,14.4,E,3,,78,,,,,1,,1,INT201803,18/02/2020,
KAH,2020,kah2001,22,1,BPLE,SNA,17,10,E,3,,26,,,,,1,,1,INT201803,18/02/2020,
KAH,2020,kah2001,22,1,BPLE,SNA,18,9.4,E,3,,18,,,,,1,,1,INT201803,18/02/2020,
KAH,2020,kah2001,22,1,BPLE,SNA,19,9.8,E,3,,24,,,,,1,,1,INT201803,18/02/2020,
KAH,2020,kah2001,22,1,BPLE,SNA,20,9.2,E,3,,134,,,,,1,,1,INT201803,18/02/2020,
KAH,2020,kah2001,22,1,BPLE,SNA,21,18,E,2,1,156,,,,,1,,1,INT201803,18/02/2020,
KAH,2020,kah2001,22,1,BPLE,SNA,22,16.5,E,2,1,122,,,,,1,,1,INT201803,18/02/2020,
KAH,2020,kah2001,22,1,BPLE,SNA,23,9.3,E,3,,20,,,,,1,,1,INT201803,18/02/2020,
KAH,2020,kah2001,22,1,BPLE,SNA,24,9.4,E,3,,16,,,,,1,,1,INT201803,18/02/2020,
KAH,2020,kah2001,22,1,BPLE,SNA,25,8.7,E,3,,16,,,,,1,,1,INT201803,18/02/2020,
KAH,2020,kah2001,22,1,BPLE,SNA,26,43,E,1,3,1762,,,,,1,,1,INT201803,18/02/2020,
KAH,2020,kah2001,22,1,BPLE,SNA,27,57.8,E,1,3,3768,,,,,1,,1,INT201803,18/02/2020,
KAH,2020,kah2001,23,1,BPLE,SNA,1,26.2,E,1,3,426,,,,,1,,1,INT201803,18/02/2020,
KAH,2020,kah2001,23,1,BPLE,SNA,2,13.4,E,3,,50,,,,,1,,1,INT201803,18/02/2020,
KAH,2020,kah2001,23,1,BPLE,SNA,3,12.5,E,3,,50,,,,,1,,1,INT201803,18/02/2020,
KAH,2020,kah2001,23,1,BPLE,SNA,4,17.2,E,1,1,136,,,,,1,,1,INT201803,18/02/2020,
KAH,2020,kah2001,23,1,BPLE,SNA,5,13,E,3,,50,,,,,1,,1,INT201803,18/02/2020,
KAH,2020,kah2001,23,1,BPLE,SNA,6,10.9,E,3,,32,,,,,1,,1,INT201803,18/02/2020,
KAH,2020,kah2001,23,1,BPLE,SNA,7,16.3,E,1,1,100,,,,,1,,1,INT201803,18/02/2020,
KAH,2020,kah2001,23,1,BPLE,SNA,8,17.7,E,2,1,138,,,,,1,,1,INT201803,18/02/2020,
KAH,2020,kah2001,23,1,BPLE,SNA,9,13.3,E,3,,52,,,,,1,,1,INT201803,18/02/2020,
KAH,2020,kah2001,23,1,BPLE,SNA,10,19.9,E,2,1,190,,,,,1,,1,INT201803,18/02/2020,
KAH,2020,kah2001,23,1,BPLE,SNA,11,27.3,E,2,3,452,,,,,1,,1,INT201803,18/02/2020,
KAH,2020,kah2001,23,1,BPLE,SNA,12,29.2,E,1,2,568,,,,,1,,1,INT201803,18/02/2020,
KAH,2020,kah2001,23,1,BPLE,SNA,13,25.4,E,2,2,366,,,,,1,,1,INT201803,18/02/2020,
KAH,2020,kah2001,23,1,BPLE,SNA,14,28.1,E,1,2,500,,,,,1,,1,INT201803,18/02/2020,
KAH,2020,kah2001,23,1,BPLE,SNA,15,29.6,E,1,7,610,,,,,1,,1,INT201803,18/02/2020,
KAH,2020,kah2001,23,1,BPLE,SNA,16,25.9,E,1,2,384,,,,,1,,1,INT201803,18/02/2020,
KAH,2020,kah2001,23,1,BPLE,SNA,17,28.2,E,1,2,520,,,,,1,,1,INT201803,18/02/2020,
KAH,2020,kah2001,23,1,BPLE,SNA,18,24.1,E,2,3,328,,,,,1,,1,INT201803,18/02/2020,
KAH,2020,kah2001,23,1,BPLE,SNA,19,24.8,E,2,2,358,,,,,1,,1,INT201803,18/02/2020,
KAH,2020,kah2001,23,1,BPLE,SNA,20,24.8,E,2,3,338,,,,,1,,1,INT201803,18/02/2020,
KAH,2020,kah2001,23,1,BPLE,SNA,21,13.7,E,3,,58,,,,,1,,1,INT201803,18/02/2020,
KAH,2020,kah2001,23,1,BPLE,SNA,22,12.7,E,3,,42,,,,,1,,1,INT201803,18/02/2020,
KAH,2020,kah2001,23,1,BPLE,SNA,23,18.3,E,1,1,160,,,,,1,,1,INT201803,18/02/2020,
KAH,2020,kah2001,23,1,BPLE,SNA,24,17.7,E,1,1,134,,,,,1,,1,INT201803,18/02/2020,
KAH,2020,kah2001,23,1,BPLE,SNA,25,13.1,E,3,,48,,,,,1,,1,INT201803,18/02/2020,
KAH,2020,kah2001,24,1,BPLE,SNA,1,30.3,E,2,2,614,,,,,1,,1,INT201803,18/02/2020,
KAH,2020,kah2001,24,1,BPLE,SNA,2,23.1,E,2,2,300,,,,,1,,1,INT201803,18/02/2020,
KAH,2020,kah2001,24,1,BPLE,SNA,3,33.8,E,2,3,818,,,,,1,,1,INT201803,18/02/2020,
KAH,2020,kah2001,24,1,BPLE,SNA,4,29.9,E,2,2,628,,,,,1,,1,INT201803,18/02/2020,
KAH,2020,kah2001,24,1,BPLE,SNA,5,29.2,E,1,3,590,,,,,1,,1,INT201803,18/02/2020,
KAH,2020,kah2001,24,1,BPLE,SNA,6,30.2,E,1,3,624,,,,,1,,1,INT201803,18/02/2020,
KAH,2020,kah2001,24,1,BPLE,SNA,7,25.1,E,1,2,402,,,,,1,,1,INT201803,18/02/2020,
KAH,2020,kah2001,24,1,BPLE,SNA,8,28.4,E,1,2,524,,,,,1,,1,INT201803,18/02/2020,
KAH,2020,kah2001,24,1,BPLE,SNA,9,37.5,E,1,2,1184,,,,,1,,1,INT201803,18/02/2020,
KAH,2020,kah2001,24,1,BPLE,SNA,10,33.7,E,2,2,782,,,,,1,,1,INT201803,18/02/2020,
KAH,2020,kah2001,24,1,BPLE,SNA,11,37.7,E,1,2,1120,,,,,1,,1,INT201803,18/02/2020,
KAH,2020,kah2001,24,1,BPLE,SNA,12,28.4,E,2,2,536,,,,,1,,1,INT201803,18/02/2020,
KAH,2020,kah2001,24,1,BPLE,SNA,13,24.7,E,2,2,370,,,,,1,,1,INT201803,18/02/2020,
KAH,2020,kah2001,24,1,BPLE,SNA,14,25.3,E,1,2,378,,,,,1,,1,INT201803,18/02/2020,
KAH,2020,kah2001,24,1,BPLE,SNA,15,28.9,E,2,3,560,,,,,1,,1,INT201803,18/02/2020,
KAH,2020,kah2001,24,1,BPLE,SNA,16,27.1,E,2,2,492,,,,,1,,1,INT201803,18/02/2020,
KAH,2020,kah2001,24,1,BPLE,SNA,17,30,E,1,2,600,,,,,1,,1,INT201803,18/02/2020,
KAH,2020,kah2001,24,1,BPLE,SNA,18,28.5,E,2,2,632,,,,,1,,1,INT201803,18/02/2020,
KAH,2020,kah2001,24,1,BPLE,SNA,19,45.3,E,2,7,2052,,,,,1,,1,INT201803,18/02/2020,
KAH,2020,kah2001,24,1,BPLE,SNA,20,39.7,E,2,2,1424,,,,,1,,1,INT201803,18/02/2020,
KAH,2020,kah2001,25,1,BPLE,SNA,1,29.1,E,1,2,556,,,,,1,,1,INT201803,18/02/2020,
KAH,2020,kah2001,25,1,BPLE,SNA,2,28,E,2,2,516,,,,,1,,1,INT201803,18/02/2020,
KAH,2020,kah2001,25,1,BPLE,SNA,3,28.4,E,2,2,510,,,,,1,,1,INT201803,18/02/2020,
KAH,2020,kah2001,25,1,BPLE,SNA,4,32.1,E,2,2,776,,,,,1,,1,INT201803,18/02/2020,
KAH,2020,kah2001,25,1,BPLE,SNA,5,26.6,E,1,2,432,,,,,1,,1,INT201803,18/02/2020,
KAH,2020,kah2001,25,1,BPLE,SNA,6,29.8,E,2,2,628,,,,,1,,1,INT201803,18/02/2020,
KAH,2020,kah2001,25,1,BPLE,SNA,7,34.9,E,2,2,942,,,,,1,,1,INT201803,18/02/2020,
KAH,2020,kah2001,25,1,BPLE,SNA,8,26.6,E,2,2,472,,,,,1,,1,INT201803,18/02/2020,
KAH,2020,kah2001,25,1,BPLE,SNA,9,30.3,E,2,3,690,,,,,1,,1,INT201803,18/02/2020,
KAH,2020,kah2001,25,1,BPLE,SNA,10,32.1,E,2,2,750,,,,,1,,1,INT201803,18/02/2020,
KAH,2020,kah2001,25,1,BPLE,SNA,11,28.8,E,2,2,572,,,,,1,,1,INT201803,18/02/2020,
KAH,2020,kah2001,25,1,BPLE,SNA,12,25.9,E,1,3,398,,,,,1,,1,INT201803,18/02/2020,
KAH,2020,kah2001,25,1,BPLE,SNA,13,35.1,E,2,2,986,,,,,1,,1,INT201803,18/02/2020,
KAH,2020,kah2001,25,1,BPLE,SNA,14,34.6,E,2,2,918,,,,,1,,1,INT201803,18/02/2020,
KAH,2020,kah2001,25,1,BPLE,SNA,15,26.6,E,2,2,422,,,,,1,,1,INT201803,18/02/2020,
KAH,2020,kah2001,25,1,BPLE,SNA,16,28.7,E,2,2,574,,,,,1,,1,INT201803,18/02/2020,
KAH,2020,kah2001,25,1,BPLE,SNA,17,39.2,E,1,2,1226,,,,,1,,1,INT201803,18/02/2020,
KAH,2020,kah2001,25,1,BPLE,SNA,18,26.9,E,1,3,440,,,,,1,,1,INT201803,18/02/2020,
KAH,2020,kah2001,25,1,BPLE,SNA,19,27.7,E,2,3,484,,,,,1,,1,INT201803,18/02/2020,
KAH,2020,kah2001,25,1,BPLE,SNA,20,36.2,E,1,2,1072,,,,,1,,1,INT201803,18/02/2020,
KAH,2020,kah2001,25,1,BPLE,SNA,21,47.3,E,1,2,2298,,,,,1,,1,INT201803,18/02/2020,
KAH,2020,kah2001,25,1,BPLE,SNA,22,42.6,E,1,2,1486,,,,,1,,1,INT201803,18/02/2020,
KAH,2020,kah2001,25,1,BPLE,SNA,23,19.2,E,2,1,164,,,,,1,,1,INT201803,18/02/2020,
KAH,2020,kah2001,25,1,BPLE,SNA,24,19.8,E,1,1,184,,,,,1,,1,INT201803,18/02/2020,
KAH,2020,kah2001,25,1,BPLE,SNA,25,11.7,E,3,,34,,,,,1,,1,INT201803,18/02/2020,
KAH,2020,kah2001,25,1,BPLE,SNA,26,9.2,E,3,,16,,,,,1,,1,INT201803,18/02/2020,
KAH,2020,kah2001,26,1,BPLE,SNA,1,28.1,E,2,2,476,,,,,1,,1,INT201803,19/02/2020,
KAH,2020,kah2001,26,1,BPLE,SNA,2,30.8,E,2,2,628,,,,,1,,1,INT201803,19/02/2020,
KAH,2020,kah2001,26,1,BPLE,SNA,3,19.4,E,2,1,178,,,,,1,,1,INT201803,19/02/2020,
KAH,2020,kah2001,26,1,BPLE,SNA,4,26.8,E,2,2,420,,,,,1,,1,INT201803,19/02/2020,
KAH,2020,kah2001,26,1,BPLE,SNA,5,24.9,E,2,2,354,,,,,1,,1,INT201803,19/02/2020,
KAH,2020,kah2001,26,1,BPLE,SNA,6,29.2,E,1,2,546,,,,,1,,1,INT201803,19/02/2020,
KAH,2020,kah2001,26,1,BPLE,SNA,7,27.1,E,2,2,498,,,,,1,,1,INT201803,19/02/2020,
KAH,2020,kah2001,26,1,BPLE,SNA,8,27.4,E,1,2,470,,,,,1,,1,INT201803,19/02/2020,
KAH,2020,kah2001,26,1,BPLE,SNA,9,31.4,E,1,,686,,,,,1,,1,INT201803,19/02/2020,
KAH,2020,kah2001,26,1,BPLE,SNA,10,38.6,E,2,2,1162,,,,,1,,1,INT201803,19/02/2020,
KAH,2020,kah2001,26,1,BPLE,SNA,11,26.9,E,2,2,424,,,,,1,,1,INT201803,19/02/2020,
KAH,2020,kah2001,26,1,BPLE,SNA,12,26.9,E,1,2,454,,,,,1,,1,INT201803,19/02/2020,
KAH,2020,kah2001,26,1,BPLE,SNA,13,29.7,E,2,2,570,,,,,1,,1,INT201803,19/02/2020,
KAH,2020,kah2001,26,1,BPLE,SNA,14,27,E,1,2,558,,,,,1,,1,INT201803,19/02/2020,
KAH,2020,kah2001,26,1,BPLE,SNA,15,28.9,E,1,2,532,,,,,1,,1,INT201803,19/02/2020,
KAH,2020,kah2001,26,1,BPLE,SNA,16,27.1,E,1,2,464,,,,,1,,1,INT201803,19/02/2020,
KAH,2020,kah2001,26,1,BPLE,SNA,17,24.4,E,2,2,344,,,,,1,,1,INT201803,19/02/2020,
KAH,2020,kah2001,26,1,BPLE,SNA,18,20.1,E,2,2,188,,,,,1,,1,INT201803,19/02/2020,
KAH,2020,kah2001,26,1,BPLE,SNA,19,21.1,E,2,2,230,,,,,1,,1,INT201803,19/02/2020,
KAH,2020,kah2001,26,1,BPLE,SNA,20,18.2,E,2,1,148,,,,,1,,1,INT201803,19/02/2020,
KAH,2020,kah2001,26,1,BPLE,SNA,21,20.3,E,1,1,174,,,,,1,,1,INT201803,19/02/2020,
KAH,2020,kah2001,26,1,BPLE,SNA,22,20.4,E,1,1,180,,,,,1,,1,INT201803,19/02/2020,
KAH,2020,kah2001,26,1,BPLE,SNA,23,19.8,E,2,1,184,,,,,1,,1,INT201803,19/02/2020,
KAH,2020,kah2001,26,1,BPLE,SNA,24,20.9,E,2,1,196,,,,,1,,1,INT201803,19/02/2020,
KAH,2020,kah2001,26,1,BPLE,SNA,25,20.4,E,2,2,190,,,,,1,,1,INT201803,19/02/2020,
KAH,2020,kah2001,26,1,BPLE,SNA,26,21.7,E,2,2,212,,,,,1,,1,INT201803,19/02/2020,
KAH,2020,kah2001,26,1,BPLE,SNA,27,20.1,E,1,1,168,,,,,1,,1,INT201803,19/02/2020,
KAH,2020,kah2001,27,1,BPLE,SNA,1,38.1,E,1,2,1220,,,,,1,,1,INT201803,19/02/2020,
KAH,2020,kah2001,27,1,BPLE,SNA,2,32.1,E,1,3,670,,,,,1,,1,INT201803,19/02/2020,
KAH,2020,kah2001,27,1,BPLE,SNA,3,35.8,E,1,2,910,,,,,1,,1,INT201803,19/02/2020,
KAH,2020,kah2001,27,1,BPLE,SNA,4,38.6,E,1,2,1324,,,,,1,,1,INT201803,19/02/2020,
KAH,2020,kah2001,27,1,BPLE,SNA,5,25.2,E,1,1,376,,,,,1,,1,INT201803,19/02/2020,
KAH,2020,kah2001,27,1,BPLE,SNA,6,30,E,2,2,588,,,,,1,,1,INT201803,19/02/2020,
KAH,2020,kah2001,27,1,BPLE,SNA,7,42.5,E,2,2,1692,,,,,1,,1,INT201803,19/02/2020,
KAH,2020,kah2001,27,1,BPLE,SNA,8,36.4,E,2,2,1052,,,,,1,,1,INT201803,19/02/2020,
KAH,2020,kah2001,27,1,BPLE,SNA,9,40.3,E,2,2,1386,,,,,1,,1,INT201803,19/02/2020,
KAH,2020,kah2001,27,1,BPLE,SNA,10,33.8,E,1,2,860,,,,,1,,1,INT201803,19/02/2020,
KAH,2020,kah2001,27,1,BPLE,SNA,11,29.4,E,2,2,546,,,,,1,,1,INT201803,19/02/2020,
KAH,2020,kah2001,27,1,BPLE,SNA,12,26.8,E,2,2,484,,,,,1,,1,INT201803,19/02/2020,
KAH,2020,kah2001,27,1,BPLE,SNA,13,30.7,E,2,3,700,,,,,1,,1,INT201803,19/02/2020,
KAH,2020,kah2001,27,1,BPLE,SNA,14,28.4,E,2,2,528,,,,,1,,1,INT201803,19/02/2020,
KAH,2020,kah2001,27,1,BPLE,SNA,15,26.7,E,1,2,492,,,,,1,,1,INT201803,19/02/2020,
KAH,2020,kah2001,27,1,BPLE,SNA,16,25,E,2,2,334,,,,,1,,1,INT201803,19/02/2020,
KAH,2020,kah2001,27,1,BPLE,SNA,17,25.1,E,2,2,338,,,,,1,,1,INT201803,19/02/2020,
KAH,2020,kah2001,27,1,BPLE,SNA,18,21.3,E,1,1,312,,,,,1,,1,INT201803,19/02/2020,
KAH,2020,kah2001,27,1,BPLE,SNA,19,26,E,2,2,388,,,,,1,,1,INT201803,19/02/2020,
KAH,2020,kah2001,27,1,BPLE,SNA,20,18.4,E,2,1,136,,,,,1,,1,INT201803,19/02/2020,
KAH,2020,kah2001,27,1,BPLE,SNA,21,50.9,E,2,2,2420,,,,,1,,1,INT201803,19/02/2020,
KAH,2020,kah2001,27,1,BPLE,SNA,22,50.3,E,2,2,2382,,,,,1,,1,INT201803,19/02/2020,
KAH,2020,kah2001,28,1,BPLE,SNA,1,31.9,E,2,3,680,,,,,1,,1,INT201803,19/02/2020,
KAH,2020,kah2001,28,1,BPLE,SNA,2,33.3,E,2,3,832,,,,,1,,1,INT201803,19/02/2020,
KAH,2020,kah2001,28,1,BPLE,SNA,3,34.2,E,2,3,930,,,,,1,,1,INT201803,19/02/2020,
KAH,2020,kah2001,28,1,BPLE,SNA,4,36,E,2,3,1108,,,,,1,,1,INT201803,19/02/2020,
KAH,2020,kah2001,28,1,BPLE,SNA,5,36.4,E,1,4,1092,,,,,1,,1,INT201803,19/02/2020,
KAH,2020,kah2001,28,1,BPLE,SNA,6,38.2,E,1,3,1254,,,,,1,,1,INT201803,19/02/2020,
KAH,2020,kah2001,28,1,BPLE,SNA,7,37.3,E,2,3,1256,,,,,1,,1,INT201803,19/02/2020,
KAH,2020,kah2001,29,1,BPLE,SNA,1,32.5,E,1,2,726,,,,,1,,1,INT201803,19/02/2020,
KAH,2020,kah2001,29,1,BPLE,SNA,2,33.8,E,2,2,906,,,,,1,,1,INT201803,19/02/2020,
KAH,2020,kah2001,29,1,BPLE,SNA,3,29.5,E,1,3,604,,,,,1,,1,INT201803,19/02/2020,
KAH,2020,kah2001,29,1,BPLE,SNA,4,31.9,E,2,2,808,,,,,1,,1,INT201803,19/02/2020,
KAH,2020,kah2001,29,1,BPLE,SNA,5,31.2,E,2,2,680,,,,,1,,1,INT201803,19/02/2020,
KAH,2020,kah2001,29,1,BPLE,SNA,6,38.4,E,2,2,1180,,,,,1,,1,INT201803,19/02/2020,
KAH,2020,kah2001,29,1,BPLE,SNA,7,30.6,E,2,2,672,,,,,1,,1,INT201803,19/02/2020,
KAH,2020,kah2001,29,1,BPLE,SNA,8,36.2,E,2,2,978,,,,,1,,1,INT201803,19/02/2020,
KAH,2020,kah2001,29,1,BPLE,SNA,9,36.1,E,1,3,1000,,,,,1,,1,INT201803,19/02/2020,
KAH,2020,kah2001,29,1,BPLE,SNA,10,35.6,E,1,2,966,,,,,1,,1,INT201803,19/02/2020,
KAH,2020,kah2001,29,1,BPLE,SNA,11,34,E,2,2,818,,,,,1,,1,INT201803,19/02/2020,
KAH,2020,kah2001,29,1,BPLE,SNA,12,37.5,E,2,2,1130,,,,,1,,1,INT201803,19/02/2020,
KAH,2020,kah2001,29,1,BPLE,SNA,13,33.6,E,1,2,824,,,,,1,,1,INT201803,19/02/2020,
KAH,2020,kah2001,29,1,BPLE,SNA,14,35,E,1,2,1106,,,,,1,,1,INT201803,19/02/2020,
KAH,2020,kah2001,29,1,BPLE,SNA,15,31.3,E,1,4,668,,,,,1,,1,INT201803,19/02/2020,
KAH,2020,kah2001,29,1,BPLE,SNA,16,26.8,E,2,2,426,,,,,1,,1,INT201803,19/02/2020,
KAH,2020,kah2001,29,1,BPLE,SNA,17,32.5,E,2,2,794,,,,,1,,1,INT201803,19/02/2020,
KAH,2020,kah2001,29,1,BPLE,SNA,18,34.7,E,2,2,910,,,,,1,,1,INT201803,19/02/2020,
KAH,2020,kah2001,29,1,BPLE,SNA,19,38.1,E,2,2,1280,,,,,1,,1,INT201803,19/02/2020,
KAH,2020,kah2001,29,1,BPLE,SNA,20,41.7,E,1,7,1388,,,,,1,,1,INT201803,19/02/2020,
KAH,2020,kah2001,29,1,BPLE,SNA,21,35,E,2,2,954,,,,,1,,1,INT201803,19/02/2020,
KAH,2020,kah2001,29,1,BPLE,SNA,22,34.4,E,2,7,894,,,,,1,,1,INT201803,19/02/2020,
KAH,2020,kah2001,29,1,BPLE,SNA,23,38.3,E,1,7,1224,,,,,1,,1,INT201803,19/02/2020,
KAH,2020,kah2001,29,1,BPLE,SNA,24,28.9,E,2,3,580,,,,,1,,1,INT201803,19/02/2020,
KAH,2020,kah2001,29,1,BPLE,SNA,25,25.6,E,2,2,378,,,,,1,,1,INT201803,19/02/2020,
KAH,2020,kah2001,30,1,BPLE,SNA,1,35.9,E,2,3,1062,,,,,1,,1,INT201803,19/02/2020,
KAH,2020,kah2001,30,1,BPLE,SNA,2,36,E,1,5,1004,,,,,1,,1,INT201803,19/02/2020,
KAH,2020,kah2001,30,1,BPLE,SNA,3,38.8,E,2,7,1286,,,,,1,,1,INT201803,19/02/2020,
KAH,2020,kah2001,30,1,BPLE,SNA,4,38.4,E,1,2,1200,,,,,1,,1,INT201803,19/02/2020,
KAH,2020,kah2001,30,1,BPLE,SNA,5,43.7,E,1,2,1828,,,,,1,,1,INT201803,19/02/2020,
KAH,2020,kah2001,30,1,BPLE,SNA,6,34.6,E,1,2,914,,,,,1,,1,INT201803,19/02/2020,
KAH,2020,kah2001,30,1,BPLE,SNA,7,39.2,E,1,2,1330,,,,,1,,1,INT201803,19/02/2020,
KAH,2020,kah2001,30,1,BPLE,SNA,8,43.6,E,1,7,1684,,,,,1,,1,INT201803,19/02/2020,
KAH,2020,kah2001,30,1,BPLE,SNA,9,35.9,E,2,7,946,,,,,1,,1,INT201803,19/02/2020,
KAH,2020,kah2001,30,1,BPLE,SNA,10,33.5,E,2,3,816,,,,,1,,1,INT201803,19/02/2020,
KAH,2020,kah2001,30,1,BPLE,SNA,11,37.9,E,1,2,1072,,,,,1,,1,INT201803,19/02/2020,
KAH,2020,kah2001,30,1,BPLE,SNA,12,39.2,E,1,7,1260,,,,,1,,1,INT201803,19/02/2020,
KAH,2020,kah2001,30,1,BPLE,SNA,13,39.5,E,1,2,1436,,,,,1,,1,INT201803,19/02/2020,
KAH,2020,kah2001,30,1,BPLE,SNA,14,35.3,E,1,2,986,,,,,1,,1,INT201803,19/02/2020,
KAH,2020,kah2001,30,1,BPLE,SNA,15,33.6,E,1,3,884,,,,,1,,1,INT201803,19/02/2020,
KAH,2020,kah2001,30,1,BPLE,SNA,16,36.6,E,1,5,1100,,,,,1,,1,INT201803,19/02/2020,
KAH,2020,kah2001,30,1,BPLE,SNA,17,35,E,2,2,910,,,,,1,,1,INT201803,19/02/2020,
KAH,2020,kah2001,30,1,BPLE,SNA,18,45.9,E,2,2,2216,,,,,1,,1,INT201803,19/02/2020,
KAH,2020,kah2001,30,1,BPLE,SNA,19,37.4,E,2,2,1160,,,,,1,,1,INT201803,19/02/2020,
KAH,2020,kah2001,30,1,BPLE,SNA,20,36.2,E,2,2,1068,,,,,1,,1,INT201803,19/02/2020,
KAH,2020,kah2001,31,1,BPLE,SNA,1,31.4,E,2,3,752,,,,,1,,1,INT201803,19/02/2020,
KAH,2020,kah2001,31,1,BPLE,SNA,2,33.6,E,2,2,832,,,,,1,,1,INT201803,19/02/2020,
KAH,2020,kah2001,31,1,BPLE,SNA,3,32.2,E,2,2,744,,,,,1,,1,INT201803,19/02/2020,
KAH,2020,kah2001,31,1,BPLE,SNA,4,39.2,E,2,3,1426,,,,,1,,1,INT201803,19/02/2020,
KAH,2020,kah2001,31,1,BPLE,SNA,5,35,E,2,2,1040,,,,,1,,1,INT201803,19/02/2020,
KAH,2020,kah2001,31,1,BPLE,SNA,6,33.5,E,2,3,734,,,,,1,,1,INT201803,19/02/2020,
KAH,2020,kah2001,31,1,BPLE,SNA,7,39.4,E,2,2,1352,,,,,1,,1,INT201803,19/02/2020,
KAH,2020,kah2001,31,1,BPLE,SNA,8,38,E,1,2,1192,,,,,1,,1,INT201803,19/02/2020,
KAH,2020,kah2001,31,1,BPLE,SNA,9,32.1,E,2,2,706,,,,,1,,1,INT201803,19/02/2020,
KAH,2020,kah2001,31,1,BPLE,SNA,10,36.9,E,2,3,1010,,,,,1,,1,INT201803,19/02/2020,
KAH,2020,kah2001,31,1,BPLE,SNA,11,36.5,E,2,2,1030,,,,,1,,1,INT201803,19/02/2020,
KAH,2020,kah2001,31,1,BPLE,SNA,12,32.8,E,1,2,820,,,,,1,,1,INT201803,19/02/2020,
KAH,2020,kah2001,31,1,BPLE,SNA,13,33.1,E,1,7,802,,,,,1,,1,INT201803,19/02/2020,
KAH,2020,kah2001,31,1,BPLE,SNA,14,36.2,E,1,5,1112,,,,,1,,1,INT201803,19/02/2020,
KAH,2020,kah2001,31,1,BPLE,SNA,15,31,E,1,3,732,,,,,1,,1,INT201803,19/02/2020,
KAH,2020,kah2001,31,1,BPLE,SNA,16,22.8,E,1,2,265,,,,,1,,1,INT201803,19/02/2020,
KAH,2020,kah2001,31,1,BPLE,SNA,17,34.2,E,1,2,880,,,,,1,,1,INT201803,19/02/2020,
KAH,2020,kah2001,31,1,BPLE,SNA,18,33.2,E,2,2,820,,,,,1,,1,INT201803,19/02/2020,
KAH,2020,kah2001,31,1,BPLE,SNA,19,29.8,E,1,5,625,,,,,1,,1,INT201803,19/02/2020,
KAH,2020,kah2001,31,1,BPLE,SNA,20,33.5,E,2,3,734,,,,,1,,1,INT201803,19/02/2020,
KAH,2020,kah2001,32,1,BPLE,SNA,1,30.9,E,2,2,686,,,,,1,,1,INT201803,19/02/2020,
KAH,2020,kah2001,32,1,BPLE,SNA,2,30.1,E,1,2,584,,,,,1,,1,INT201803,19/02/2020,
KAH,2020,kah2001,32,1,BPLE,SNA,3,37,E,2,2,1124,,,,,1,,1,INT201803,19/02/2020,
KAH,2020,kah2001,32,1,BPLE,SNA,4,37.7,E,1,7,1140,,,,,1,,1,INT201803,19/02/2020,
KAH,2020,kah2001,32,1,BPLE,SNA,5,35,E,2,2,1130,,,,,1,,1,INT201803,19/02/2020,
KAH,2020,kah2001,32,1,BPLE,SNA,6,40.9,E,2,2,1426,,,,,1,,1,INT201803,19/02/2020,
KAH,2020,kah2001,32,1,BPLE,SNA,7,37,E,1,2,1274,,,,,1,,1,INT201803,19/02/2020,
KAH,2020,kah2001,32,1,BPLE,SNA,8,37.6,E,1,2,1204,,,,,1,,1,INT201803,19/02/2020,
KAH,2020,kah2001,32,1,BPLE,SNA,9,33.5,E,2,2,778,,,,,1,,1,INT201803,19/02/2020,
KAH,2020,kah2001,32,1,BPLE,SNA,10,42.2,E,1,2,1560,,,,,1,,1,INT201803,19/02/2020,
KAH,2020,kah2001,32,1,BPLE,SNA,11,36.8,E,2,2,1124,,,,,1,,1,INT201803,19/02/2020,
KAH,2020,kah2001,32,1,BPLE,SNA,12,33.3,E,1,3,858,,,,,1,,1,INT201803,19/02/2020,
KAH,2020,kah2001,32,1,BPLE,SNA,13,38.1,E,1,2,1226,,,,,1,,1,INT201803,19/02/2020,
KAH,2020,kah2001,32,1,BPLE,SNA,14,33.1,E,2,2,694,,,,,1,,1,INT201803,19/02/2020,
KAH,2020,kah2001,32,1,BPLE,SNA,15,31.5,E,1,2,660,,,,,1,,1,INT201803,19/02/2020,
KAH,2020,kah2001,32,1,BPLE,SNA,16,35.3,E,1,7,898,,,,,1,,1,INT201803,19/02/2020,
KAH,2020,kah2001,32,1,BPLE,SNA,17,39.4,E,2,2,1428,,,,,1,,1,INT201803,19/02/2020,
KAH,2020,kah2001,32,1,BPLE,SNA,18,40.4,E,1,2,1468,,,,,1,,1,INT201803,19/02/2020,
KAH,2020,kah2001,32,1,BPLE,SNA,19,33.1,E,2,2,764,,,,,1,,1,INT201803,19/02/2020,
KAH,2020,kah2001,32,1,BPLE,SNA,20,53.7,E,2,2,3202,,,,,1,,1,INT201803,19/02/2020,
KAH,2020,kah2001,33,1,BPLE,SNA,1,32.4,E,1,2,764,,,,,1,,1,INT201803,20/02/2020,
KAH,2020,kah2001,33,1,BPLE,SNA,2,33.7,E,1,2,806,,,,,1,,1,INT201803,20/02/2020,
KAH,2020,kah2001,33,1,BPLE,SNA,3,28.5,E,2,2,496,,,,,1,,1,INT201803,20/02/2020,
KAH,2020,kah2001,33,1,BPLE,SNA,4,29.2,E,1,2,534,,,,,1,,1,INT201803,20/02/2020,
KAH,2020,kah2001,33,1,BPLE,SNA,5,37.6,E,1,2,1086,,,,,1,,1,INT201803,20/02/2020,
KAH,2020,kah2001,33,1,BPLE,SNA,6,46.1,E,1,2,1918,,,,,1,,1,INT201803,20/02/2020,
KAH,2020,kah2001,33,1,BPLE,SNA,7,46,E,1,2,1950,,,,,1,,1,INT201803,20/02/2020,
KAH,2020,kah2001,33,1,BPLE,SNA,8,30.7,E,2,2,666,,,,,1,,1,INT201803,20/02/2020,
KAH,2020,kah2001,33,1,BPLE,SNA,9,32.7,E,2,2,772,,,,,1,,1,INT201803,20/02/2020,
KAH,2020,kah2001,33,1,BPLE,SNA,10,23.8,E,1,2,296,,,,,1,,1,INT201803,20/02/2020,
KAH,2020,kah2001,33,1,BPLE,SNA,11,25.5,E,2,2,,,,,,1,,1,INT201803,20/02/2020,
KAH,2020,kah2001,33,1,BPLE,SNA,12,36.1,E,2,2,964,,,,,1,,1,INT201803,20/02/2020,
KAH,2020,kah2001,33,1,BPLE,SNA,13,35.3,E,2,2,978,,,,,1,,1,INT201803,20/02/2020,
KAH,2020,kah2001,33,1,BPLE,SNA,14,37.3,E,1,2,1148,,,,,1,,1,INT201803,20/02/2020,
KAH,2020,kah2001,33,1,BPLE,SNA,15,36,E,1,7,934,,,,,1,,1,INT201803,20/02/2020,
KAH,2020,kah2001,33,1,BPLE,SNA,16,40.3,E,2,2,1336,,,,,1,,1,INT201803,20/02/2020,
KAH,2020,kah2001,33,1,BPLE,SNA,17,41.2,E,1,2,1444,,,,,1,,1,INT201803,20/02/2020,
KAH,2020,kah2001,33,1,BPLE,SNA,18,29.4,E,2,2,614,,,,,1,,1,INT201803,20/02/2020,
KAH,2020,kah2001,33,1,BPLE,SNA,19,30.2,E,1,2,612,,,,,1,,1,INT201803,20/02/2020,
KAH,2020,kah2001,33,1,BPLE,SNA,20,24.8,E,2,2,322,,,,,1,,1,INT201803,20/02/2020,
KAH,2020,kah2001,33,1,BPLE,SNA,21,42.5,E,1,2,1468,,,,,1,,1,INT201803,20/02/2020,
KAH,2020,kah2001,33,1,BPLE,SNA,22,23.5,E,1,1,300,,,,,1,,1,INT201803,20/02/2020,
KAH,2020,kah2001,34,1,BPLE,SNA,1,30.8,E,1,2,656,,,,,1,,1,INT201803,20/02/2020,
KAH,2020,kah2001,34,1,BPLE,SNA,2,40.8,E,2,3,1318,,,,,1,,1,INT201803,20/02/2020,
KAH,2020,kah2001,34,1,BPLE,SNA,3,34.4,E,2,2,1002,,,,,1,,1,INT201803,20/02/2020,
KAH,2020,kah2001,34,1,BPLE,SNA,4,33.9,E,1,2,842,,,,,1,,1,INT201803,20/02/2020,
KAH,2020,kah2001,34,1,BPLE,SNA,5,29.9,E,2,2,542,,,,,1,,1,INT201803,20/02/2020,
KAH,2020,kah2001,34,1,BPLE,SNA,6,30.7,E,1,2,662,,,,,1,,1,INT201803,20/02/2020,
KAH,2020,kah2001,34,1,BPLE,SNA,7,31,E,2,2,688,,,,,1,,1,INT201803,20/02/2020,
KAH,2020,kah2001,34,1,BPLE,SNA,8,33.4,E,1,2,782,,,,,1,,1,INT201803,20/02/2020,
KAH,2020,kah2001,34,1,BPLE,SNA,9,29.6,E,2,2,656,,,,,1,,1,INT201803,20/02/2020,
KAH,2020,kah2001,34,1,BPLE,SNA,10,45.8,E,2,2,1730,,,,,1,,1,INT201803,20/02/2020,
KAH,2020,kah2001,34,1,BPLE,SNA,11,23.3,E,2,2,302,,,,,1,,1,INT201803,20/02/2020,
KAH,2020,kah2001,34,1,BPLE,SNA,12,24.4,E,2,2,356,,,,,1,,1,INT201803,20/02/2020,
KAH,2020,kah2001,35,1,BPLE,SNA,1,33.4,E,2,2,876,,,,,1,,1,INT201803,20/02/2020,
KAH,2020,kah2001,35,1,BPLE,SNA,2,39.5,E,1,2,1342,,,,,1,,1,INT201803,20/02/2020,
KAH,2020,kah2001,35,1,BPLE,SNA,3,32.1,E,1,2,748,,,,,1,,1,INT201803,20/02/2020,
KAH,2020,kah2001,35,1,BPLE,SNA,4,26.2,E,2,2,418,,,,,1,,1,INT201803,20/02/2020,
KAH,2020,kah2001,35,1,BPLE,SNA,5,25,E,1,1,346,,,,,1,,1,INT201803,20/02/2020,
KAH,2020,kah2001,35,1,BPLE,SNA,6,39.7,E,1,3,1282,,,,,1,,1,INT201803,20/02/2020,
KAH,2020,kah2001,35,1,BPLE,SNA,7,36.3,E,2,2,1024,,,,,1,,1,INT201803,20/02/2020,
KAH,2020,kah2001,36,1,BPLE,SNA,1,22.7,E,2,2,270,,,,,1,,1,INT201803,20/02/2020,
KAH,2020,kah2001,36,1,BPLE,SNA,2,36.8,E,1,2,1098,,,,,1,,1,INT201803,20/02/2020,
KAH,2020,kah2001,36,1,BPLE,SNA,3,30.2,E,1,2,576,,,,,1,,1,INT201803,20/02/2020,
KAH,2020,kah2001,37,1,BPLE,SNA,1,34,E,2,2,800,,,,,1,,1,INT201803,20/02/2020,
KAH,2020,kah2001,37,1,BPLE,SNA,2,41.1,E,1,2,1298,,,,,1,,1,INT201803,20/02/2020,
KAH,2020,kah2001,37,1,BPLE,SNA,3,37.5,E,2,2,1084,,,,,1,,1,INT201803,20/02/2020,
KAH,2020,kah2001,37,1,BPLE,SNA,4,23.2,E,1,1,286,,,,,1,,1,INT201803,20/02/2020,
KAH,2020,kah2001,37,1,BPLE,SNA,5,34.3,E,1,2,890,,,,,1,,1,INT201803,20/02/2020,
KAH,2020,kah2001,37,1,BPLE,SNA,6,38.8,E,1,2,1280,,,,,1,,1,INT201803,20/02/2020,
KAH,2020,kah2001,37,1,BPLE,SNA,7,30,E,2,2,602,,,,,1,,1,INT201803,20/02/2020,
KAH,2020,kah2001,37,1,BPLE,SNA,8,34.5,E,1,2,900,,,,,1,,1,INT201803,20/02/2020,
KAH,2020,kah2001,37,1,BPLE,SNA,9,39.7,E,1,2,1300,,,,,1,,1,INT201803,20/02/2020,
KAH,2020,kah2001,37,1,BPLE,SNA,10,34.7,E,2,2,896,,,,,1,,1,INT201803,20/02/2020,
KAH,2020,kah2001,37,1,BPLE,SNA,11,41.6,E,1,2,1402,,,,,1,,1,INT201803,20/02/2020,
KAH,2020,kah2001,37,1,BPLE,SNA,12,33.9,E,1,3,842,,,,,1,,1,INT201803,20/02/2020,
KAH,2020,kah2001,37,1,BPLE,SNA,13,37.8,E,2,2,1114,,,,,1,,1,INT201803,20/02/2020,
KAH,2020,kah2001,37,1,BPLE,SNA,14,32.4,E,2,2,746,,,,,1,,1,INT201803,20/02/2020,
KAH,2020,kah2001,37,1,BPLE,SNA,15,34.7,E,1,3,918,,,,,1,,1,INT201803,20/02/2020,
KAH,2020,kah2001,37,1,BPLE,SNA,16,29.9,E,2,2,630,,,,,1,,1,INT201803,20/02/2020,
KAH,2020,kah2001,37,1,BPLE,SNA,17,44.3,E,1,2,1842,,,,,1,,1,INT201803,20/02/2020,
KAH,2020,kah2001,37,1,BPLE,SNA,18,29.3,E,1,2,570,,,,,1,,1,INT201803,20/02/2020,
KAH,2020,kah2001,38,1,BPLE,SNA,1,37.8,E,2,3,1362,,,,,1,,1,INT201803,20/02/2020,
KAH,2020,kah2001,38,1,BPLE,SNA,2,40.1,E,2,2,1418,,,,,1,,1,INT201803,20/02/2020,
KAH,2020,kah2001,39,1,BPLE,SNA,1,39.8,E,2,2,1242,,,,,1,,1,INT201803,20/02/2020,
KAH,2020,kah2001,39,1,BPLE,SNA,2,37.1,E,2,2,1182,,,,,1,,1,INT201803,20/02/2020,
KAH,2020,kah2001,39,1,BPLE,SNA,3,29.5,E,2,2,600,,,,,1,,1,INT201803,20/02/2020,
KAH,2020,kah2001,39,1,BPLE,SNA,4,32.3,E,1,2,716,,,,,1,,1,INT201803,20/02/2020,
KAH,2020,kah2001,39,1,BPLE,SNA,5,39.1,E,2,2,1354,,,,,1,,1,INT201803,20/02/2020,
KAH,2020,kah2001,39,1,BPLE,SNA,6,35.7,E,2,2,940,,,,,1,,1,INT201803,20/02/2020,
KAH,2020,kah2001,39,1,BPLE,SNA,7,32.8,E,2,2,818,,,,,1,,1,INT201803,20/02/2020,
KAH,2020,kah2001,39,1,BPLE,SNA,8,35.8,E,1,2,1004,,,,,1,,1,INT201803,20/02/2020,
KAH,2020,kah2001,39,1,BPLE,SNA,9,34.7,E,1,2,872,,,,,1,,1,INT201803,20/02/2020,
KAH,2020,kah2001,39,1,BPLE,SNA,10,30.5,E,1,2,604,,,,,1,,1,INT201803,20/02/2020,
KAH,2020,kah2001,39,1,BPLE,SNA,11,32.7,E,2,7,,,,,,1,,1,INT201803,20/02/2020,
KAH,2020,kah2001,39,1,BPLE,SNA,12,33.3,E,2,2,790,,,,,1,,1,INT201803,20/02/2020,
KAH,2020,kah2001,39,1,BPLE,SNA,13,34.1,E,2,2,932,,,,,1,,1,INT201803,20/02/2020,
KAH,2020,kah2001,39,1,BPLE,SNA,14,34.2,E,2,2,884,,,,,1,,1,INT201803,20/02/2020,
KAH,2020,kah2001,39,1,BPLE,SNA,15,29,E,2,2,518,,,,,1,,1,INT201803,20/02/2020,
KAH,2020,kah2001,39,1,BPLE,SNA,16,41.2,E,2,2,1310,,,,,1,,1,INT201803,20/02/2020,
KAH,2020,kah2001,39,1,BPLE,SNA,17,30,E,2,3,614,,,,,1,,1,INT201803,20/02/2020,
KAH,2020,kah2001,39,1,BPLE,SNA,18,27.1,E,2,2,418,,,,,1,,1,INT201803,20/02/2020,
KAH,2020,kah2001,39,1,BPLE,SNA,19,33.5,E,1,2,850,,,,,1,,1,INT201803,20/02/2020,
KAH,2020,kah2001,39,1,BPLE,SNA,20,33.2,E,1,4,862,,,,,1,,1,INT201803,20/02/2020,
KAH,2020,kah2001,39,1,BPLE,SNA,21,50.3,E,1,3,2814,,,,,1,,1,INT201803,20/02/2020,
KAH,2020,kah2001,39,1,BPLE,SNA,22,23,E,1,1,,,,,,1,,1,INT201803,20/02/2020,
KAH,2020,kah2001,39,1,BPLE,SNA,23,10.8,E,3,,32,,,,,1,,1,INT201803,20/02/2020,
KAH,2020,kah2001,40,1,BPLE,SNA,1,35.6,E,2,2,1013,,,,,1,,1,INT201803,21/02/2020,
KAH,2020,kah2001,40,1,BPLE,SNA,2,34.5,E,2,2,914,,,,,1,,1,INT201803,21/02/2020,
KAH,2020,kah2001,40,1,BPLE,SNA,3,32.6,E,1,2,752,,,,,1,,1,INT201803,21/02/2020,
KAH,2020,kah2001,40,1,BPLE,SNA,4,33.8,E,2,2,828,,,,,1,,1,INT201803,21/02/2020,
KAH,2020,kah2001,40,1,BPLE,SNA,5,35.8,E,2,2,988,,,,,1,,1,INT201803,21/02/2020,
KAH,2020,kah2001,40,1,BPLE,SNA,6,34.8,E,2,2,1006,,,,,1,,1,INT201803,21/02/2020,
KAH,2020,kah2001,40,1,BPLE,SNA,7,44.3,E,2,2,1816,,,,,1,,1,INT201803,21/02/2020,
KAH,2020,kah2001,40,1,BPLE,SNA,8,42.8,E,2,2,1666,,,,,1,,1,INT201803,21/02/2020,
KAH,2020,kah2001,41,1,BPLE,SNA,1,40.4,E,1,2,1428,,,,,1,,1,INT201803,21/02/2020,
KAH,2020,kah2001,41,1,BPLE,SNA,2,38.5,E,2,2,1172,,,,,1,,1,INT201803,21/02/2020,
KAH,2020,kah2001,41,1,BPLE,SNA,3,37.1,E,1,5,1088,,,,,1,,1,INT201803,21/02/2020,
KAH,2020,kah2001,41,1,BPLE,SNA,4,33.9,E,2,2,856,,,,,1,,1,INT201803,21/02/2020,
KAH,2020,kah2001,41,1,BPLE,SNA,5,37.1,E,2,2,1148,,,,,1,,1,INT201803,21/02/2020,
KAH,2020,kah2001,41,1,BPLE,SNA,6,37.9,E,2,2,1198,,,,,1,,1,INT201803,21/02/2020,
KAH,2020,kah2001,41,1,BPLE,SNA,7,34.2,E,2,2,856,,,,,1,,1,INT201803,21/02/2020,
KAH,2020,kah2001,41,1,BPLE,SNA,8,40.8,E,1,2,1416,,,,,1,,1,INT201803,21/02/2020,
KAH,2020,kah2001,41,1,BPLE,SNA,9,26.2,E,2,2,408,,,,,1,,1,INT201803,21/02/2020,
KAH,2020,kah2001,41,1,BPLE,SNA,10,34.5,E,2,3,862,,,,,1,,1,INT201803,21/02/2020,
KAH,2020,kah2001,41,1,BPLE,SNA,11,37.6,E,2,2,1048,,,,,1,,1,INT201803,21/02/2020,
KAH,2020,kah2001,41,1,BPLE,SNA,12,29.9,E,2,2,568,,,,,1,,1,INT201803,21/02/2020,
KAH,2020,kah2001,41,1,BPLE,SNA,13,32.8,E,2,2,792,,,,,1,,1,INT201803,21/02/2020,
KAH,2020,kah2001,41,1,BPLE,SNA,14,25.5,E,1,2,404,,,,,1,,1,INT201803,21/02/2020,
KAH,2020,kah2001,41,1,BPLE,SNA,15,34.4,E,2,2,868,,,,,1,,1,INT201803,21/02/2020,
KAH,2020,kah2001,41,1,BPLE,SNA,16,35.8,E,2,7,1112,,,,,1,,1,INT201803,21/02/2020,
KAH,2020,kah2001,42,1,BPLE,SNA,1,32.3,E,2,2,754,,,,,1,,1,INT201803,21/02/2020,
KAH,2020,kah2001,42,1,BPLE,SNA,2,41.6,E,2,2,1582,,,,,1,,1,INT201803,21/02/2020,
KAH,2020,kah2001,42,1,BPLE,SNA,3,41.3,E,2,2,1358,,,,,1,,1,INT201803,21/02/2020,
KAH,2020,kah2001,42,1,BPLE,SNA,4,40.4,E,2,2,1374,,,,,1,,1,INT201803,21/02/2020,
KAH,2020,kah2001,42,1,BPLE,SNA,5,37.7,E,1,2,1070,,,,,1,,1,INT201803,21/02/2020,
KAH,2020,kah2001,42,1,BPLE,SNA,6,32.9,E,1,2,812,,,,,1,,1,INT201803,21/02/2020,
KAH,2020,kah2001,42,1,BPLE,SNA,7,37,E,2,3,1198,,,,,1,,1,INT201803,21/02/2020,
KAH,2020,kah2001,42,1,BPLE,SNA,8,43.8,E,2,2,1740,,,,,1,,1,INT201803,21/02/2020,
KAH,2020,kah2001,42,1,BPLE,SNA,9,47.8,E,2,2,2074,,,,,1,,1,INT201803,21/02/2020,
KAH,2020,kah2001,42,1,BPLE,SNA,10,39.9,E,1,2,1342,,,,,1,,1,INT201803,21/02/2020,
KAH,2020,kah2001,42,1,BPLE,SNA,11,37.1,E,2,2,1258,,,,,1,,1,INT201803,21/02/2020,
KAH,2020,kah2001,42,1,BPLE,SNA,12,35.3,E,1,2,900,,,,,1,,1,INT201803,21/02/2020,
KAH,2020,kah2001,42,1,BPLE,SNA,13,34.5,E,2,2,946,,,,,1,,1,INT201803,21/02/2020,
KAH,2020,kah2001,42,1,BPLE,SNA,14,37,E,2,2,990,,,,,1,,1,INT201803,21/02/2020,
KAH,2020,kah2001,42,1,BPLE,SNA,15,40,E,2,2,1534,,,,,1,,1,INT201803,21/02/2020,
KAH,2020,kah2001,43,1,BPLE,SNA,1,38.9,E,1,2,1292,,,,,1,,1,INT201803,21/02/2020,
KAH,2020,kah2001,43,1,BPLE,SNA,2,33.8,E,2,2,890,,,,,1,,1,INT201803,21/02/2020,
KAH,2020,kah2001,43,1,BPLE,SNA,3,31.2,E,2,2,704,,,,,1,,1,INT201803,21/02/2020,
KAH,2020,kah2001,43,1,BPLE,SNA,4,29.7,E,1,3,596,,,,,1,,1,INT201803,21/02/2020,
KAH,2020,kah2001,43,1,BPLE,SNA,5,30.3,E,1,2,692,,,,,1,,1,INT201803,21/02/2020,
KAH,2020,kah2001,43,1,BPLE,SNA,6,29.4,E,2,2,638,,,,,1,,1,INT201803,21/02/2020,
KAH,2020,kah2001,43,1,BPLE,SNA,7,38.1,E,1,2,1204,,,,,1,,1,INT201803,21/02/2020,
KAH,2020,kah2001,43,1,BPLE,SNA,8,28.8,E,2,2,556,,,,,1,,1,INT201803,21/02/2020,
KAH,2020,kah2001,43,1,BPLE,SNA,9,31.7,E,2,2,776,,,,,1,,1,INT201803,21/02/2020,
KAH,2020,kah2001,43,1,BPLE,SNA,10,29.5,E,1,2,644,,,,,1,,1,INT201803,21/02/2020,
KAH,2020,kah2001,43,1,BPLE,SNA,11,21.1,E,1,1,230,,,,,1,,1,INT201803,21/02/2020,
KAH,2020,kah2001,43,1,BPLE,SNA,12,31.8,E,2,3,742,,,,,1,,1,INT201803,21/02/2020,
KAH,2020,kah2001,43,1,BPLE,SNA,13,32,E,2,2,816,,,,,1,,1,INT201803,21/02/2020,
KAH,2020,kah2001,43,1,BPLE,SNA,14,31.2,E,1,3,702,,,,,1,,1,INT201803,21/02/2020,
KAH,2020,kah2001,43,1,BPLE,SNA,15,28.9,E,1,2,526,,,,,1,,1,INT201803,21/02/2020,
KAH,2020,kah2001,43,1,BPLE,SNA,16,27.5,E,1,2,468,,,,,1,,1,INT201803,21/02/2020,
KAH,2020,kah2001,43,1,BPLE,SNA,17,46.7,E,1,2,2526,,,,,1,,1,INT201803,21/02/2020,
KAH,2020,kah2001,43,1,BPLE,SNA,18,31,E,1,2,690,,,,,1,,1,INT201803,21/02/2020,
KAH,2020,kah2001,43,1,BPLE,SNA,19,27.6,E,1,2,492,,,,,1,,1,INT201803,21/02/2020,
KAH,2020,kah2001,43,1,BPLE,SNA,20,31.2,E,1,2,702,,,,,1,,1,INT201803,21/02/2020,
KAH,2020,kah2001,43,1,BPLE,SNA,21,53.8,E,2,2,2412,,,,,1,,1,INT201803,21/02/2020,
KAH,2020,kah2001,43,1,BPLE,SNA,22,18.8,E,1,1,154,,,,,1,,1,INT201803,21/02/2020,
KAH,2020,kah2001,43,1,BPLE,SNA,23,23.7,E,2,1,324,,,,,1,,1,INT201803,21/02/2020,
KAH,2020,kah2001,44,1,BPLE,SNA,1,31,E,1,3,700,,,,,1,,1,INT201803,23/02/2020,
KAH,2020,kah2001,44,1,BPLE,SNA,2,40.7,E,1,2,1364,,,,,1,,1,INT201803,23/02/2020,
KAH,2020,kah2001,44,1,BPLE,SNA,3,37.6,E,1,3,1162,,,,,1,,1,INT201803,23/02/2020,
KAH,2020,kah2001,44,1,BPLE,SNA,4,29.7,E,1,2,542,,,,,1,,1,INT201803,23/02/2020,
KAH,2020,kah2001,44,1,BPLE,SNA,5,29.7,E,1,2,570,,,,,1,,1,INT201803,23/02/2020,
KAH,2020,kah2001,44,1,BPLE,SNA,6,31.3,E,2,4,746,,,,,1,,1,INT201803,23/02/2020,
KAH,2020,kah2001,44,1,BPLE,SNA,7,32.8,E,1,3,762,,,,,1,,1,INT201803,23/02/2020,
KAH,2020,kah2001,44,1,BPLE,SNA,8,30.4,E,2,3,632,,,,,1,,1,INT201803,23/02/2020,
KAH,2020,kah2001,44,1,BPLE,SNA,9,28.6,E,2,2,540,,,,,1,,1,INT201803,23/02/2020,
KAH,2020,kah2001,44,1,BPLE,SNA,10,45.9,E,2,3,1822,,,,,1,,1,INT201803,23/02/2020,
KAH,2020,kah2001,44,1,BPLE,SNA,11,40.7,E,2,4,1480,,,,,1,,1,INT201803,23/02/2020,
KAH,2020,kah2001,44,1,BPLE,SNA,12,38,E,1,3,1066,,,,,1,,1,INT201803,23/02/2020,
KAH,2020,kah2001,44,1,BPLE,SNA,13,32.5,E,1,2,698,,,,,1,,1,INT201803,23/02/2020,
KAH,2020,kah2001,44,1,BPLE,SNA,14,36.5,E,2,3,,,,,,1,,1,INT201803,23/02/2020,
KAH,2020,kah2001,44,1,BPLE,SNA,15,40.1,E,1,3,1318,,,,,1,,1,INT201803,23/02/2020,
KAH,2020,kah2001,44,1,BPLE,SNA,16,32.1,E,2,2,756,,,,,1,,1,INT201803,23/02/2020,
KAH,2020,kah2001,44,1,BPLE,SNA,17,25.3,E,2,2,370,,,,,1,,1,INT201803,23/02/2020,
KAH,2020,kah2001,44,1,BPLE,SNA,18,28,E,1,3,486,,,,,1,,1,INT201803,23/02/2020,
KAH,2020,kah2001,44,1,BPLE,SNA,19,16.7,E,1,1,90,,,,,1,,1,INT201803,23/02/2020,
KAH,2020,kah2001,44,1,BPLE,SNA,20,16.1,E,1,1,104,,,,,1,,1,INT201803,23/02/2020,
KAH,2020,kah2001,44,1,BPLE,SNA,21,17,E,2,1,120,,,,,1,,1,INT201803,23/02/2020,
KAH,2020,kah2001,44,1,BPLE,SNA,22,20.6,E,2,1,204,,,,,1,,1,INT201803,23/02/2020,
KAH,2020,kah2001,44,1,BPLE,SNA,23,17,E,3,,118,,,,,1,,1,INT201803,23/02/2020,
KAH,2020,kah2001,44,1,BPLE,SNA,24,16,E,3,,94,,,,,1,,1,INT201803,23/02/2020,
KAH,2020,kah2001,44,1,BPLE,SNA,25,48.8,E,2,3,2624,,,,,1,,1,INT201803,23/02/2020,
KAH,2020,kah2001,45,1,BPLE,SNA,1,30.5,E,1,3,718,,,,,1,,1,INT201803,23/02/2020,
KAH,2020,kah2001,45,1,BPLE,SNA,2,31.5,E,1,3,698,,,,,1,,1,INT201803,23/02/2020,
KAH,2020,kah2001,45,1,BPLE,SNA,3,33.9,E,1,2,776,,,,,1,,1,INT201803,23/02/2020,
KAH,2020,kah2001,45,1,BPLE,SNA,4,33.2,E,2,3,882,,,,,1,,1,INT201803,23/02/2020,
KAH,2020,kah2001,45,1,BPLE,SNA,5,25.2,E,1,2,344,,,,,1,,1,INT201803,23/02/2020,
KAH,2020,kah2001,45,1,BPLE,SNA,6,25.4,E,1,2,380,,,,,1,,1,INT201803,23/02/2020,
KAH,2020,kah2001,45,1,BPLE,SNA,7,25.1,E,1,2,392,,,,,1,,1,INT201803,23/02/2020,
KAH,2020,kah2001,45,1,BPLE,SNA,8,22.1,E,2,3,260,,,,,1,,1,INT201803,23/02/2020,
KAH,2020,kah2001,45,1,BPLE,SNA,9,27.1,E,1,3,414,,,,,1,,1,INT201803,23/02/2020,
KAH,2020,kah2001,45,1,BPLE,SNA,10,21.7,E,1,2,246,,,,,1,,1,INT201803,23/02/2020,
KAH,2020,kah2001,45,1,BPLE,SNA,11,26.2,E,1,2,414,,,,,1,,1,INT201803,23/02/2020,
KAH,2020,kah2001,45,1,BPLE,SNA,12,29.5,E,2,3,586,,,,,1,,1,INT201803,23/02/2020,
KAH,2020,kah2001,45,1,BPLE,SNA,13,34.2,E,1,2,882,,,,,1,,1,INT201803,23/02/2020,
KAH,2020,kah2001,45,1,BPLE,SNA,14,41.8,E,1,2,1464,,,,,1,,1,INT201803,23/02/2020,
KAH,2020,kah2001,45,1,BPLE,SNA,15,25.8,E,1,2,426,,,,,1,,1,INT201803,23/02/2020,
KAH,2020,kah2001,45,1,BPLE,SNA,16,27.5,E,1,2,518,,,,,1,,1,INT201803,23/02/2020,
KAH,2020,kah2001,45,1,BPLE,SNA,17,29.7,E,2,3,612,,,,,1,,1,INT201803,23/02/2020,
KAH,2020,kah2001,45,1,BPLE,SNA,18,31.4,E,2,2,718,,,,,1,,1,INT201803,23/02/2020,
KAH,2020,kah2001,45,1,BPLE,SNA,19,25.1,E,2,3,348,,,,,1,,1,INT201803,23/02/2020,
KAH,2020,kah2001,45,1,BPLE,SNA,20,24.4,E,1,2,354,,,,,1,,1,INT201803,23/02/2020,
KAH,2020,kah2001,45,1,BPLE,SNA,21,48.5,E,2,3,2344,,,,,1,,1,INT201803,23/02/2020,
KAH,2020,kah2001,45,1,BPLE,SNA,22,14.9,E,3,,74,,,,,1,,1,INT201803,23/02/2020,
KAH,2020,kah2001,45,1,BPLE,SNA,23,18.9,E,2,1,162,,,,,1,,1,INT201803,23/02/2020,
KAH,2020,kah2001,46,1,BPLE,SNA,1,27.1,E,2,3,406,,,,,1,,1,INT201803,23/02/2020,
KAH,2020,kah2001,46,1,BPLE,SNA,2,30.5,E,2,2,610,,,,,1,,1,INT201803,23/02/2020,
KAH,2020,kah2001,46,1,BPLE,SNA,3,26.5,E,1,2,454,,,,,1,,1,INT201803,23/02/2020,
KAH,2020,kah2001,46,1,BPLE,SNA,4,26.4,E,1,3,424,,,,,1,,1,INT201803,23/02/2020,
KAH,2020,kah2001,46,1,BPLE,SNA,5,28.2,E,2,3,408,,,,,1,,1,INT201803,23/02/2020,
KAH,2020,kah2001,46,1,BPLE,SNA,6,25.8,E,2,3,396,,,,,1,,1,INT201803,23/02/2020,
KAH,2020,kah2001,46,1,BPLE,SNA,7,22.1,E,1,2,262,,,,,1,,1,INT201803,23/02/2020,
KAH,2020,kah2001,46,1,BPLE,SNA,8,24.5,E,1,2,338,,,,,1,,1,INT201803,23/02/2020,
KAH,2020,kah2001,46,1,BPLE,SNA,9,25.4,E,1,2,368,,,,,1,,1,INT201803,23/02/2020,
KAH,2020,kah2001,46,1,BPLE,SNA,10,25.7,E,2,2,364,,,,,1,,1,INT201803,23/02/2020,
KAH,2020,kah2001,46,1,BPLE,SNA,11,29.1,E,2,2,562,,,,,1,,1,INT201803,23/02/2020,
KAH,2020,kah2001,46,1,BPLE,SNA,12,18.9,E,2,1,162,,,,,1,,1,INT201803,23/02/2020,
KAH,2020,kah2001,46,1,BPLE,SNA,13,17.6,E,2,1,118,,,,,1,,1,INT201803,23/02/2020,
KAH,2020,kah2001,46,1,BPLE,SNA,14,14.2,E,3,,68,,,,,1,,1,INT201803,23/02/2020,
KAH,2020,kah2001,46,1,BPLE,SNA,15,13.3,E,3,,52,,,,,1,,1,INT201803,23/02/2020,
KAH,2020,kah2001,46,1,BPLE,SNA,16,9.6,E,3,,22,,,,,1,,1,INT201803,23/02/2020,
KAH,2020,kah2001,46,1,BPLE,SNA,17,9.8,E,3,,22,,,,,1,,1,INT201803,23/02/2020,
KAH,2020,kah2001,46,1,BPLE,SNA,18,9.7,E,3,,20,,,,,1,,1,INT201803,23/02/2020,
KAH,2020,kah2001,46,1,BPLE,SNA,19,10.4,E,3,,26,,,,,1,,1,INT201803,23/02/2020,
KAH,2020,kah2001,46,1,BPLE,SNA,20,8.5,E,3,,14,,,,,1,,1,INT201803,23/02/2020,
KAH,2020,kah2001,46,1,BPLE,SNA,21,8.5,E,3,,14,,,,,1,,1,INT201803,23/02/2020,
KAH,2020,kah2001,46,1,BPLE,SNA,22,16.3,E,3,,106,,,,,1,,1,INT201803,23/02/2020,
KAH,2020,kah2001,46,1,BPLE,SNA,23,14.1,E,3,,76,,,,,1,,1,INT201803,23/02/2020,
KAH,2020,kah2001,47,1,BPLE,SNA,1,25.7,E,2,2,400,,,,,1,,1,INT201803,23/02/2020,
KAH,2020,kah2001,47,1,BPLE,SNA,2,34.8,E,2,5,984,,,,,1,,1,INT201803,23/02/2020,
KAH,2020,kah2001,47,1,BPLE,SNA,3,39,E,1,2,1200,,,,,1,,1,INT201803,23/02/2020,
KAH,2020,kah2001,47,1,BPLE,SNA,4,27,E,1,2,438,,,,,1,,1,INT201803,23/02/2020,
KAH,2020,kah2001,47,1,BPLE,SNA,5,27.8,E,1,2,488,,,,,1,,1,INT201803,23/02/2020,
KAH,2020,kah2001,47,1,BPLE,SNA,6,22.6,E,2,2,282,,,,,1,,1,INT201803,23/02/2020,
KAH,2020,kah2001,47,1,BPLE,SNA,7,26.1,E,2,3,416,,,,,1,,1,INT201803,23/02/2020,
KAH,2020,kah2001,47,1,BPLE,SNA,8,21.1,E,2,1,230,,,,,1,,1,INT201803,23/02/2020,
KAH,2020,kah2001,47,1,BPLE,SNA,10,18.6,E,2,1,246,,,,,1,,1,INT201803,23/02/2020,
KAH,2020,kah2001,47,1,BPLE,SNA,11,20.2,E,1,1,178,,,,,1,,1,INT201803,23/02/2020,
KAH,2020,kah2001,47,1,BPLE,SNA,12,18.1,E,2,1,144,,,,,1,,1,INT201803,23/02/2020,
KAH,2020,kah2001,47,1,BPLE,SNA,13,17.7,E,3,,138,,,,,1,,1,INT201803,23/02/2020,
KAH,2020,kah2001,47,1,BPLE,SNA,14,16.5,E,3,,106,,,,,1,,1,INT201803,23/02/2020,
KAH,2020,kah2001,47,1,BPLE,SNA,15,17,E,3,,112,,,,,1,,1,INT201803,23/02/2020,
KAH,2020,kah2001,47,1,BPLE,SNA,16,17.2,E,3,,114,,,,,1,,1,INT201803,23/02/2020,
KAH,2020,kah2001,47,1,BPLE,SNA,17,13.6,E,3,,62,,,,,1,,1,INT201803,23/02/2020,
KAH,2020,kah2001,47,1,BPLE,SNA,18,13.7,E,3,,62,,,,,1,,1,INT201803,23/02/2020,
KAH,2020,kah2001,47,1,BPLE,SNA,20,9.9,E,3,,20,,,,,1,,1,INT201803,23/02/2020,
KAH,2020,kah2001,47,1,BPLE,SNA,21,8.9,E,3,,16,,,,,1,,1,INT201803,23/02/2020,
KAH,2020,kah2001,47,1,BPLE,SNA,22,17.3,E,3,,118,,,,,1,,1,INT201803,23/02/2020,
KAH,2020,kah2001,47,1,BPLE,SNA,23,12.6,E,3,,56,,,,,1,,1,INT201803,23/02/2020,
KAH,2020,kah2001,47,1,BPLE,SNA,24,12.5,E,3,,44,,,,,1,,1,INT201803,23/02/2020,
KAH,2020,kah2001,47,1,BPLE,SNA,25,9.2,E,3,,16,,,,,1,,1,INT201803,23/02/2020,
KAH,2020,kah2001,47,1,BPLE,SNA,26,8.5,E,3,,12,,,,,1,,1,INT201803,23/02/2020,
KAH,2020,kah2001,48,1,BPLE,SNA,1,29.8,E,2,2,656,,,,,1,,1,INT201803,23/02/2020,
KAH,2020,kah2001,48,1,BPLE,SNA,2,27.5,E,1,3,516,,,,,1,,1,INT201803,23/02/2020,
KAH,2020,kah2001,48,1,BPLE,SNA,16,15,E,3,,100,,,,,1,,1,INT201803,23/02/2020,
KAH,2020,kah2001,48,1,BPLE,SNA,17,12.7,E,3,,48,,,,,1,,1,INT201803,23/02/2020,
KAH,2020,kah2001,48,1,BPLE,SNA,18,11.1,E,3,,30,,,,,1,,1,INT201803,23/02/2020,
KAH,2020,kah2001,48,1,BPLE,SNA,19,11.4,E,3,,40,,,,,1,,1,INT201803,23/02/2020,
KAH,2020,kah2001,48,1,BPLE,SNA,20,10.7,E,3,,78,,,,,1,,1,INT201803,23/02/2020,
KAH,2020,kah2001,49,1,BPLE,SNA,1,24.8,E,2,3,348,,,,,1,,1,INT201803,23/02/2020,
KAH,2020,kah2001,49,1,BPLE,SNA,2,33.2,E,2,2,880,,,,,1,,1,INT201803,23/02/2020,
KAH,2020,kah2001,49,1,BPLE,SNA,3,58.8,E,2,3,4448,,,,,1,,1,INT201803,23/02/2020,
KAH,2020,kah2001,49,1,BPLE,SNA,4,25.5,E,2,3,372,,,,,1,,1,INT201803,23/02/2020,
KAH,2020,kah2001,49,1,BPLE,SNA,5,29.7,E,2,2,590,,,,,1,,1,INT201803,23/02/2020,
KAH,2020,kah2001,49,1,BPLE,SNA,6,34,E,1,2,958,,,,,1,,1,INT201803,23/02/2020,
KAH,2020,kah2001,49,1,BPLE,SNA,7,34.3,E,1,2,924,,,,,1,,1,INT201803,23/02/2020,
KAH,2020,kah2001,49,1,BPLE,SNA,8,27.7,E,2,3,458,,,,,1,,1,INT201803,23/02/2020,
KAH,2020,kah2001,49,1,BPLE,SNA,9,30.4,E,2,3,656,,,,,1,,1,INT201803,23/02/2020,
KAH,2020,kah2001,49,1,BPLE,SNA,10,27.7,E,2,3,514,,,,,1,,1,INT201803,23/02/2020,
KAH,2020,kah2001,49,1,BPLE,SNA,11,27.5,E,2,3,484,,,,,1,,1,INT201803,23/02/2020,
KAH,2020,kah2001,49,1,BPLE,SNA,12,25.1,E,1,1,332,,,,,1,,1,INT201803,23/02/2020,
KAH,2020,kah2001,49,1,BPLE,SNA,13,27.9,E,1,2,534,,,,,1,,1,INT201803,23/02/2020,
KAH,2020,kah2001,49,1,BPLE,SNA,14,27,E,2,3,446,,,,,1,,1,INT201803,23/02/2020,
KAH,2020,kah2001,49,1,BPLE,SNA,15,25.1,E,1,3,354,,,,,1,,1,INT201803,23/02/2020,
KAH,2020,kah2001,49,1,BPLE,SNA,16,18.3,E,2,1,166,,,,,1,,1,INT201803,23/02/2020,
KAH,2020,kah2001,49,1,BPLE,SNA,17,16.4,E,3,,106,,,,,1,,1,INT201803,23/02/2020,
KAH,2020,kah2001,49,1,BPLE,SNA,18,15.1,E,3,,80,,,,,1,,1,INT201803,23/02/2020,
KAH,2020,kah2001,49,1,BPLE,SNA,19,18.4,E,3,,154,,,,,1,,1,INT201803,23/02/2020,
KAH,2020,kah2001,49,1,BPLE,SNA,20,16.1,E,3,,104,,,,,1,,1,INT201803,23/02/2020,
KAH,2020,kah2001,49,1,BPLE,SNA,21,10.5,E,3,,28,,,,,1,,1,INT201803,23/02/2020,
KAH,2020,kah2001,49,1,BPLE,SNA,22,9.5,E,3,,22,,,,,1,,1,INT201803,23/02/2020,
KAH,2020,kah2001,49,1,BPLE,SNA,23,8.8,E,3,,14,,,,,1,,1,INT201803,23/02/2020,
KAH,2020,kah2001,49,1,BPLE,SNA,24,7.5,E,3,,12,,,,,1,,1,INT201803,23/02/2020,
KAH,2020,kah2001,49,1,BPLE,SNA,25,14.8,E,3,,78,,,,,1,,1,INT201803,23/02/2020,
KAH,2020,kah2001,49,1,BPLE,SNA,26,9,E,3,,16,,,,,1,,1,INT201803,23/02/2020,
KAH,2020,kah2001,50,1,BPLE,SNA,1,27.8,E,1,2,516,,,,,1,,1,INT201803,23/02/2020,
KAH,2020,kah2001,50,1,BPLE,SNA,2,30.7,E,2,2,608,,,,,1,,1,INT201803,23/02/2020,
KAH,2020,kah2001,50,1,BPLE,SNA,3,30.3,E,1,2,622,,,,,1,,1,INT201803,23/02/2020,
KAH,2020,kah2001,50,1,BPLE,SNA,4,35.7,E,2,3,946,,,,,1,,1,INT201803,23/02/2020,
KAH,2020,kah2001,50,1,BPLE,SNA,5,27,E,1,2,470,,,,,1,,1,INT201803,23/02/2020,
KAH,2020,kah2001,50,1,BPLE,SNA,6,36.1,E,2,3,1064,,,,,1,,1,INT201803,23/02/2020,
KAH,2020,kah2001,50,1,BPLE,SNA,7,37.3,E,1,3,1012,,,,,1,,1,INT201803,23/02/2020,
KAH,2020,kah2001,50,1,BPLE,SNA,8,31.8,E,1,2,758,,,,,1,,1,INT201803,23/02/2020,
KAH,2020,kah2001,50,1,BPLE,SNA,9,27.2,E,1,2,480,,,,,1,,1,INT201803,23/02/2020,
KAH,2020,kah2001,50,1,BPLE,SNA,10,31.5,E,2,3,702,,,,,1,,1,INT201803,23/02/2020,
KAH,2020,kah2001,50,1,BPLE,SNA,11,29,E,1,2,538,,,,,1,,1,INT201803,23/02/2020,
KAH,2020,kah2001,50,1,BPLE,SNA,12,40.3,E,1,2,1260,,,,,1,,1,INT201803,23/02/2020,
KAH,2020,kah2001,50,1,BPLE,SNA,13,31.6,E,1,2,764,,,,,1,,1,INT201803,23/02/2020,
KAH,2020,kah2001,50,1,BPLE,SNA,14,17.6,E,3,,126,,,,,1,,1,INT201803,23/02/2020,
KAH,2020,kah2001,50,1,BPLE,SNA,15,12.7,E,3,,56,,,,,1,,1,INT201803,23/02/2020,
KAH,2020,kah2001,50,1,BPLE,SNA,16,10.6,E,3,,40,,,,,1,,1,INT201803,23/02/2020,
KAH,2020,kah2001,50,1,BPLE,SNA,17,9.7,E,3,,20,,,,,1,,1,INT201803,23/02/2020,
KAH,2020,kah2001,50,1,BPLE,SNA,18,17.1,E,2,1,108,,,,,1,,1,INT201803,23/02/2020,
KAH,2020,kah2001,50,1,BPLE,SNA,19,13.1,E,3,,48,,,,,1,,1,INT201803,23/02/2020,
KAH,2020,kah2001,50,1,BPLE,SNA,20,13.2,E,3,,70,,,,,1,,1,INT201803,23/02/2020,
KAH,2020,kah2001,50,1,BPLE,SNA,21,12.2,E,3,,50,,,,,1,,1,INT201803,23/02/2020,
KAH,2020,kah2001,50,1,BPLE,SNA,22,8.4,E,3,,14,,,,,1,,1,INT201803,23/02/2020,
KAH,2020,kah2001,50,1,BPLE,SNA,23,16.8,E,1,1,158,,,,,1,,1,INT201803,23/02/2020,
KAH,2020,kah2001,51,1,BPLE,SNA,1,36.1,E,2,7,1006,,,,,1,,1,INT201803,24/02/2020,
KAH,2020,kah2001,51,1,BPLE,SNA,2,31.3,E,2,2,742,,,,,1,,1,INT201803,24/02/2020,
KAH,2020,kah2001,51,1,BPLE,SNA,3,28.7,E,1,2,510,,,,,1,,1,INT201803,24/02/2020,
KAH,2020,kah2001,51,1,BPLE,SNA,4,35,E,2,2,874,,,,,1,,1,INT201803,24/02/2020,
KAH,2020,kah2001,51,1,BPLE,SNA,5,31.9,E,1,2,654,,,,,1,,1,INT201803,24/02/2020,
KAH,2020,kah2001,51,1,BPLE,SNA,6,29.5,E,2,2,584,,,,,1,,1,INT201803,24/02/2020,
KAH,2020,kah2001,51,1,BPLE,SNA,7,27.5,E,2,2,466,,,,,1,,1,INT201803,24/02/2020,
KAH,2020,kah2001,51,1,BPLE,SNA,8,33.8,E,2,2,814,,,,,1,,1,INT201803,24/02/2020,
KAH,2020,kah2001,51,1,BPLE,SNA,9,31.1,E,1,2,722,,,,,1,,1,INT201803,24/02/2020,
KAH,2020,kah2001,51,1,BPLE,SNA,10,44.4,E,2,2,,,,,,1,,1,INT201803,24/02/2020,
KAH,2020,kah2001,51,1,BPLE,SNA,11,45,E,2,2,,,,,,1,,1,INT201803,24/02/2020,
KAH,2020,kah2001,51,1,BPLE,SNA,12,33.9,E,1,2,870,,,,,1,,1,INT201803,24/02/2020,
KAH,2020,kah2001,51,1,BPLE,SNA,13,28.7,E,1,5,556,,,,,1,,1,INT201803,24/02/2020,
KAH,2020,kah2001,51,1,BPLE,SNA,14,41.7,E,2,2,1402,,,,,1,,1,INT201803,24/02/2020,
KAH,2020,kah2001,51,1,BPLE,SNA,15,25.1,E,2,2,346,,,,,1,,1,INT201803,24/02/2020,
KAH,2020,kah2001,51,1,BPLE,SNA,16,26.7,E,2,2,414,,,,,1,,1,INT201803,24/02/2020,
KAH,2020,kah2001,51,1,BPLE,SNA,17,31.4,E,2,2,714,,,,,1,,1,INT201803,24/02/2020,
KAH,2020,kah2001,51,1,BPLE,SNA,18,32.4,E,2,2,778,,,,,1,,1,INT201803,24/02/2020,
KAH,2020,kah2001,51,1,BPLE,SNA,19,25.7,E,2,2,390,,,,,1,,1,INT201803,24/02/2020,
KAH,2020,kah2001,51,1,BPLE,SNA,20,49.8,E,2,7,2610,,,,,1,,1,INT201803,24/02/2020,
KAH,2020,kah2001,51,1,BPLE,SNA,21,58.3,E,2,2,3812,,,,,1,,1,INT201803,24/02/2020,
KAH,2020,kah2001,51,1,BPLE,SNA,22,25,E,1,2,380,,,,,1,,1,INT201803,24/02/2020,
KAH,2020,kah2001,51,1,BPLE,SNA,23,51.7,E,2,2,3124,,,,,1,,1,INT201803,24/02/2020,
KAH,2020,kah2001,52,1,BPLE,SNA,1,37.3,E,2,2,1034,,,,,1,,1,INT201803,24/02/2020,
KAH,2020,kah2001,52,1,BPLE,SNA,2,27.9,E,2,2,590,,,,,1,,1,INT201803,24/02/2020,
KAH,2020,kah2001,52,1,BPLE,SNA,3,30.1,E,1,2,635,,,,,1,,1,INT201803,24/02/2020,
KAH,2020,kah2001,52,1,BPLE,SNA,4,32.1,E,1,2,695,,,,,1,,1,INT201803,24/02/2020,
KAH,2020,kah2001,52,1,BPLE,SNA,5,33.2,E,1,2,770,,,,,1,,1,INT201803,24/02/2020,
KAH,2020,kah2001,52,1,BPLE,SNA,6,27.6,E,1,2,450,,,,,1,,1,INT201803,24/02/2020,
KAH,2020,kah2001,52,1,BPLE,SNA,7,49.1,E,2,7,2190,,,,,1,,1,INT201803,24/02/2020,
KAH,2020,kah2001,52,1,BPLE,SNA,8,37.2,E,1,2,1085,,,,,1,,1,INT201803,24/02/2020,
KAH,2020,kah2001,52,1,BPLE,SNA,9,37.9,E,1,2,1060,,,,,1,,1,INT201803,24/02/2020,
KAH,2020,kah2001,52,1,BPLE,SNA,10,36.4,E,1,2,1085,,,,,1,,1,INT201803,24/02/2020,
KAH,2020,kah2001,52,1,BPLE,SNA,11,34,E,1,2,905,,,,,1,,1,INT201803,24/02/2020,
KAH,2020,kah2001,52,1,BPLE,SNA,12,30,E,2,2,595,,,,,1,,1,INT201803,24/02/2020,
KAH,2020,kah2001,52,1,BPLE,SNA,13,32.1,E,2,2,780,,,,,1,,1,INT201803,24/02/2020,
KAH,2020,kah2001,52,1,BPLE,SNA,14,34.1,E,2,2,910,,,,,1,,1,INT201803,24/02/2020,
KAH,2020,kah2001,52,1,BPLE,SNA,15,33.1,E,1,2,840,,,,,1,,1,INT201803,24/02/2020,
KAH,2020,kah2001,52,1,BPLE,SNA,16,30.7,E,1,2,625,,,,,1,,1,INT201803,24/02/2020,
KAH,2020,kah2001,52,1,BPLE,SNA,17,29,E,2,2,565,,,,,1,,1,INT201803,24/02/2020,
KAH,2020,kah2001,52,1,BPLE,SNA,18,29.4,E,2,2,560,,,,,1,,1,INT201803,24/02/2020,
KAH,2020,kah2001,52,1,BPLE,SNA,19,43.2,E,1,2,1780,,,,,1,,1,INT201803,24/02/2020,
KAH,2020,kah2001,52,1,BPLE,SNA,20,38.3,E,1,2,1285,,,,,1,,1,INT201803,24/02/2020,
KAH,2020,kah2001,52,1,BPLE,SNA,21,49.7,E,2,4,2440,,,,,1,,1,INT201803,24/02/2020,
KAH,2020,kah2001,52,1,BPLE,SNA,22,34.8,E,2,7,885,,,,,1,,1,INT201803,24/02/2020,
KAH,2020,kah2001,53,1,BPLE,SNA,1,23.8,E,2,1,322,,,,,1,,1,INT201803,24/02/2020,
KAH,2020,kah2001,53,1,BPLE,SNA,2,29.9,E,1,2,586,,,,,1,,1,INT201803,24/02/2020,
KAH,2020,kah2001,53,1,BPLE,SNA,3,27.2,E,1,2,474,,,,,1,,1,INT201803,24/02/2020,
KAH,2020,kah2001,53,1,BPLE,SNA,4,33,E,1,2,806,,,,,1,,1,INT201803,24/02/2020,
KAH,2020,kah2001,53,1,BPLE,SNA,5,36.9,E,2,2,1096,,,,,1,,1,INT201803,24/02/2020,
KAH,2020,kah2001,53,1,BPLE,SNA,6,31.8,E,2,2,754,,,,,1,,1,INT201803,24/02/2020,
KAH,2020,kah2001,53,1,BPLE,SNA,7,27.9,E,1,2,568,,,,,1,,1,INT201803,24/02/2020,
KAH,2020,kah2001,53,1,BPLE,SNA,8,32.2,E,2,2,754,,,,,1,,1,INT201803,24/02/2020,
KAH,2020,kah2001,53,1,BPLE,SNA,9,23.4,E,1,1,306,,,,,1,,1,INT201803,24/02/2020,
KAH,2020,kah2001,53,1,BPLE,SNA,10,38.9,E,2,2,1248,,,,,1,,1,INT201803,24/02/2020,
KAH,2020,kah2001,53,1,BPLE,SNA,11,37.7,E,1,2,1242,,,,,1,,1,INT201803,24/02/2020,
KAH,2020,kah2001,53,1,BPLE,SNA,12,31.4,E,2,2,696,,,,,1,,1,INT201803,24/02/2020,
KAH,2020,kah2001,53,1,BPLE,SNA,13,27.3,E,1,1,470,,,,,1,,1,INT201803,24/02/2020,
KAH,2020,kah2001,53,1,BPLE,SNA,14,38.1,E,2,2,1146,,,,,1,,1,INT201803,24/02/2020,
KAH,2020,kah2001,53,1,BPLE,SNA,15,22.9,E,2,1,274,,,,,1,,1,INT201803,24/02/2020,
KAH,2020,kah2001,53,1,BPLE,SNA,16,17.3,E,3,,110,,,,,1,,1,INT201803,24/02/2020,
KAH,2020,kah2001,53,1,BPLE,SNA,17,13.8,E,3,,64,,,,,1,,1,INT201803,24/02/2020,
KAH,2020,kah2001,53,1,BPLE,SNA,18,17.9,E,3,,140,,,,,1,,1,INT201803,24/02/2020,
KAH,2020,kah2001,53,1,BPLE,SNA,19,14.1,E,3,,74,,,,,1,,1,INT201803,24/02/2020,
KAH,2020,kah2001,53,1,BPLE,SNA,20,9.4,E,3,,20,,,,,1,,1,INT201803,24/02/2020,
