origin,    yr,trip_code,  sample_no,sub_sample_no,area ,species,    fish_no,prep_no   ,block_no,agreed_result1,agreed_result2,method,agreed_age,agreed_error1,agreed_error2,proj_code   ,comments,,,,,
KAH,2020,kah2001,1,1,BPLE,SNA,1,1,,9,W,22,10,,,INT201803,,,,,,
KAH,2020,kah2001,1,1,BPLE,SNA,4,2,,4,W,22,5,,,INT201803,,,,,,
KAH,2020,kah2001,1,1,BPLE,SNA,7,3,,5,W,22,6,,,INT201803,,,,,,
KAH,2020,kah2001,1,1,BPLE,SNA,8,4,,6,W,22,7,,,INT201803,,,,,,
KAH,2020,kah2001,1,1,BPLE,SNA,9,5,,19,W,22,20,,,INT201803,,,,,,
KAH,2020,kah2001,1,1,BPLE,SNA,11,6,,14,W,22,15,,,INT201803,,,,,,
KAH,2020,kah2001,1,1,BPLE,SNA,13,7,,13,W,22,14,,,INT201803,,,,,,
KAH,2020,kah2001,1,1,BPLE,SNA,14,8,,8,W,22,9,,,INT201803,,,,,,
KAH,2020,kah2001,1,1,BPLE,SNA,15,9,,12,W,22,13,,,INT201803,,,,,,
KAH,2020,kah2001,1,1,BPLE,SNA,18,10,,7,W,22,8,,,INT201803,,,,,,
KAH,2020,kah2001,1,1,BPLE,SNA,19,11,,7,W,22,8,,,INT201803,,,,,,
KAH,2020,kah2001,1,1,BPLE,SNA,20,12,,9,W,22,10,,,INT201803,,,,,,
KAH,2020,kah2001,2,1,BPLE,SNA,1,13,,4,W,22,5,,,INT201803,,,,,,
KAH,2020,kah2001,2,1,BPLE,SNA,2,14,,16,W,22,17,,,INT201803,,,,,,
KAH,2020,kah2001,2,1,BPLE,SNA,3,15,,15,W,22,16,,,INT201803,,,,,,
KAH,2020,kah2001,2,1,BPLE,SNA,4,16,,9,W,22,10,,,INT201803,,,,,,
KAH,2020,kah2001,2,1,BPLE,SNA,5,17,,12,W,22,13,,,INT201803,,,,,,
KAH,2020,kah2001,2,1,BPLE,SNA,6,18,,9,W,22,10,,,INT201803,,,,,,
KAH,2020,kah2001,2,1,BPLE,SNA,7,19,,6,W,22,7,,,INT201803,,,,,,
KAH,2020,kah2001,2,1,BPLE,SNA,8,20,,6,W,22,7,,,INT201803,,,,,,
KAH,2020,kah2001,2,1,BPLE,SNA,9,21,,8,W,22,9,,,INT201803,,,,,,
KAH,2020,kah2001,2,1,BPLE,SNA,13,22,,8,W,22,9,,,INT201803,,,,,,
KAH,2020,kah2001,2,1,BPLE,SNA,15,23,,6,W,22,7,,,INT201803,,,,,,
KAH,2020,kah2001,2,1,BPLE,SNA,16,24,,6,W,22,7,,,INT201803,,,,,,
KAH,2020,kah2001,2,1,BPLE,SNA,17,25,,10,W,22,11,,,INT201803,,,,,,
KAH,2020,kah2001,2,1,BPLE,SNA,18,26,,0,W,22,1,,,INT201803,,,,,,
KAH,2020,kah2001,2,1,BPLE,SNA,19,27,,0,W,22,1,,,INT201803,,,,,,
KAH,2020,kah2001,2,1,BPLE,SNA,20,28,,0,W,22,1,,,INT201803,,,,,,
KAH,2020,kah2001,4,1,BPLE,SNA,1,29,,8,W,22,9,,,INT201803,,,,,,
KAH,2020,kah2001,4,1,BPLE,SNA,2,30,,4,W,22,5,,,INT201803,,,,,,
KAH,2020,kah2001,4,1,BPLE,SNA,3,31,,9,W,22,10,,,INT201803,,,,,,
KAH,2020,kah2001,4,1,BPLE,SNA,5,32,,5,W,22,6,,,INT201803,,,,,,
KAH,2020,kah2001,4,1,BPLE,SNA,6,33,,16,W,22,17,,,INT201803,,,,,,
KAH,2020,kah2001,4,1,BPLE,SNA,8,34,,20,W,22,21,,,INT201803,,,,,,
KAH,2020,kah2001,4,1,BPLE,SNA,9,35,,4,W,22,5,,,INT201803,,,,,,
KAH,2020,kah2001,4,1,BPLE,SNA,11,36,,4,W,22,5,,,INT201803,,,,,,
KAH,2020,kah2001,4,1,BPLE,SNA,13,37,,8,W,22,9,,,INT201803,,,,,,
KAH,2020,kah2001,4,1,BPLE,SNA,14,38,,7,W,22,8,,,INT201803,,,,,,
KAH,2020,kah2001,4,1,BPLE,SNA,16,39,,12,W,22,13,,,INT201803,,,,,,
KAH,2020,kah2001,4,1,BPLE,SNA,17,40,,4,W,22,5,,,INT201803,,,,,,
KAH,2020,kah2001,4,1,BPLE,SNA,18,41,,5,W,22,6,,,INT201803,,,,,,
KAH,2020,kah2001,4,1,BPLE,SNA,20,42,,0,W,22,1,,,INT201803,,,,,,
KAH,2020,kah2001,5,1,BPLE,SNA,1,43,,14,W,22,15,,,INT201803,,,,,,
KAH,2020,kah2001,5,1,BPLE,SNA,2,44,,6,W,22,7,,,INT201803,,,,,,
KAH,2020,kah2001,5,1,BPLE,SNA,4,45,,16,W,22,17,,,INT201803,,,,,,
KAH,2020,kah2001,5,1,BPLE,SNA,5,46,,10,W,22,11,,,INT201803,,,,,,
KAH,2020,kah2001,5,1,BPLE,SNA,6,47,,7,W,22,8,,,INT201803,,,,,,
KAH,2020,kah2001,5,1,BPLE,SNA,7,48,,8,W,22,9,,,INT201803,,,,,,
KAH,2020,kah2001,5,1,BPLE,SNA,8,49,,13,W,22,14,,,INT201803,,,,,,
KAH,2020,kah2001,5,1,BPLE,SNA,9,50,,10,W,22,11,,,INT201803,,,,,,
KAH,2020,kah2001,5,1,BPLE,SNA,10,51,,6,W,22,7,,,INT201803,,,,,,
KAH,2020,kah2001,5,1,BPLE,SNA,12,52,,19,W,22,20,,,INT201803,,,,,,
KAH,2020,kah2001,5,1,BPLE,SNA,13,53,,17,W,22,18,,,INT201803,,,,,,
KAH,2020,kah2001,5,1,BPLE,SNA,14,54,,6,W,22,7,,,INT201803,,,,,,
KAH,2020,kah2001,5,1,BPLE,SNA,15,55,,10,W,22,11,,,INT201803,,,,,,
KAH,2020,kah2001,5,1,BPLE,SNA,16,56,,11,W,22,12,,,INT201803,,,,,,
KAH,2020,kah2001,5,1,BPLE,SNA,17,57,,7,W,22,8,,,INT201803,,,,,,
KAH,2020,kah2001,5,1,BPLE,SNA,20,58,,11,W,22,12,,,INT201803,,,,,,
KAH,2020,kah2001,6,1,BPLE,SNA,1,59,,9,W,22,10,,,INT201803,,,,,,
KAH,2020,kah2001,6,1,BPLE,SNA,2,60,,6,W,22,7,,,INT201803,,,,,,
KAH,2020,kah2001,7,1,BPLE,SNA,4,61,,9,W,22,10,,,INT201803,,,,,,
KAH,2020,kah2001,7,1,BPLE,SNA,7,62,,11,W,22,12,,,INT201803,,,,,,
KAH,2020,kah2001,7,1,BPLE,SNA,8,63,,9,W,22,10,,,INT201803,,,,,,
KAH,2020,kah2001,7,1,BPLE,SNA,10,64,,5,W,22,6,,,INT201803,,,,,,
KAH,2020,kah2001,7,1,BPLE,SNA,12,65,,4,W,22,5,,,INT201803,,,,,,
KAH,2020,kah2001,7,1,BPLE,SNA,14,66,,6,W,22,7,,,INT201803,,,,,,
KAH,2020,kah2001,7,1,BPLE,SNA,19,67,,4,W,22,5,,,INT201803,,,,,,
KAH,2020,kah2001,7,1,BPLE,SNA,20,68,,8,W,22,9,,,INT201803,,,,,,
KAH,2020,kah2001,8,1,BPLE,SNA,1,69,,1,W,22,2,,,INT201803,,,,,,
KAH,2020,kah2001,8,1,BPLE,SNA,2,70,,1,W,22,2,,,INT201803,,,,,,
KAH,2020,kah2001,8,1,BPLE,SNA,3,71,,1,W,22,2,,,INT201803,,,,,,
KAH,2020,kah2001,8,1,BPLE,SNA,4,72,,0,W,22,1,,,INT201803,,,,,,
KAH,2020,kah2001,8,1,BPLE,SNA,5,73,,0,W,22,1,,,INT201803,,,,,,
KAH,2020,kah2001,8,1,BPLE,SNA,6,74,,5,W,22,6,,,INT201803,,,,,,
KAH,2020,kah2001,8,1,BPLE,SNA,8,75,,2,W,22,3,,,INT201803,,,,,,
KAH,2020,kah2001,8,1,BPLE,SNA,10,76,,2,W,22,3,,,INT201803,,,,,,
KAH,2020,kah2001,8,1,BPLE,SNA,12,77,,2,W,22,3,,,INT201803,,,,,,
KAH,2020,kah2001,8,1,BPLE,SNA,13,78,,1,W,22,2,,,INT201803,,,,,,
KAH,2020,kah2001,8,1,BPLE,SNA,16,79,,4,W,22,5,,,INT201803,,,,,,
KAH,2020,kah2001,8,1,BPLE,SNA,17,80,,4,W,22,5,,,INT201803,,,,,,
KAH,2020,kah2001,8,1,BPLE,SNA,23,81,,4,W,22,5,,,INT201803,,,,,,
KAH,2020,kah2001,9,1,BPLE,SNA,1,82,,6,W,22,7,,,INT201803,,,,,,
KAH,2020,kah2001,9,1,BPLE,SNA,2,83,,6,W,22,7,,,INT201803,,,,,,
KAH,2020,kah2001,9,1,BPLE,SNA,4,84,,7,W,22,8,,,INT201803,,,,,,
KAH,2020,kah2001,9,1,BPLE,SNA,5,85,,6,W,22,7,,,INT201803,,,,,,
KAH,2020,kah2001,9,1,BPLE,SNA,6,86,,7,W,22,8,,,INT201803,,,,,,
KAH,2020,kah2001,9,1,BPLE,SNA,7,87,,6,W,22,7,,,INT201803,,,,,,
KAH,2020,kah2001,9,1,BPLE,SNA,11,88,,12,W,22,13,,,INT201803,,,,,,
KAH,2020,kah2001,9,1,BPLE,SNA,15,89,,19,W,22,20,,,INT201803,,,,,,
KAH,2020,kah2001,9,1,BPLE,SNA,16,90,,20,W,22,21,,,INT201803,,,,,,
KAH,2020,kah2001,10,1,BPLE,SNA,1,91,,7,W,22,8,,,INT201803,,,,,,
KAH,2020,kah2001,10,1,BPLE,SNA,3,92,,5,W,22,6,,,INT201803,,,,,,
KAH,2020,kah2001,10,1,BPLE,SNA,4,93,,4,W,22,5,,,INT201803,,,,,,
KAH,2020,kah2001,10,1,BPLE,SNA,5,94,,4,W,22,5,,,INT201803,,,,,,
KAH,2020,kah2001,10,1,BPLE,SNA,6,95,,16,W,22,17,,,INT201803,,,,,,
KAH,2020,kah2001,10,1,BPLE,SNA,8,96,,4,W,22,5,,,INT201803,,,,,,
KAH,2020,kah2001,10,1,BPLE,SNA,9,97,,0,W,22,1,,,INT201803,,,,,,
KAH,2020,kah2001,10,1,BPLE,SNA,10,98,,4,W,22,5,,,INT201803,,,,,,
KAH,2020,kah2001,10,1,BPLE,SNA,12,99,,4,W,22,5,,,INT201803,,,,,,
KAH,2020,kah2001,10,1,BPLE,SNA,13,100,,0,W,22,1,,,INT201803,,,,,,
KAH,2020,kah2001,10,1,BPLE,SNA,15,101,,4,W,22,5,,,INT201803,,,,,,
KAH,2020,kah2001,10,1,BPLE,SNA,16,102,,4,W,22,5,,,INT201803,,,,,,
KAH,2020,kah2001,10,1,BPLE,SNA,17,103,,4,W,22,5,,,INT201803,,,,,,
KAH,2020,kah2001,10,1,BPLE,SNA,19,104,,5,W,22,6,,,INT201803,,,,,,
KAH,2020,kah2001,10,1,BPLE,SNA,21,105,,0,W,22,1,,,INT201803,,,,,,
KAH,2020,kah2001,11,1,BPLE,SNA,3,106,,7,W,22,8,,,INT201803,,,,,,
KAH,2020,kah2001,11,1,BPLE,SNA,5,107,,9,W,22,10,,,INT201803,,,,,,
KAH,2020,kah2001,11,1,BPLE,SNA,6,108,,2,W,22,3,,,INT201803,,,,,,
KAH,2020,kah2001,11,1,BPLE,SNA,7,109,,4,W,22,5,,,INT201803,,,,,,
KAH,2020,kah2001,11,1,BPLE,SNA,8,110,,2,W,22,3,,,INT201803,,,,,,
KAH,2020,kah2001,11,1,BPLE,SNA,10,111,,7,W,22,8,,,INT201803,,,,,,
KAH,2020,kah2001,11,1,BPLE,SNA,11,112,,15,W,22,16,,,INT201803,,,,,,
KAH,2020,kah2001,11,1,BPLE,SNA,12,113,,11,W,22,12,,,INT201803,,,,,,
KAH,2020,kah2001,11,1,BPLE,SNA,13,114,,5,W,22,6,,,INT201803,,,,,,
KAH,2020,kah2001,11,1,BPLE,SNA,14,115,,4,W,22,5,,,INT201803,,,,,,
KAH,2020,kah2001,11,1,BPLE,SNA,15,116,,2,W,22,3,,,INT201803,,,,,,
KAH,2020,kah2001,11,1,BPLE,SNA,19,117,,0,W,22,1,,,INT201803,,,,,,
KAH,2020,kah2001,11,1,BPLE,SNA,20,118,,6,W,22,7,,,INT201803,,,,,,
KAH,2020,kah2001,12,1,BPLE,SNA,1,119,,6,W,22,7,,,INT201803,,,,,,
KAH,2020,kah2001,12,1,BPLE,SNA,2,120,,4,W,22,5,,,INT201803,,,,,,
KAH,2020,kah2001,12,1,BPLE,SNA,3,121,,18,W,22,19,,,INT201803,,,,,,
KAH,2020,kah2001,12,1,BPLE,SNA,4,122,,6,W,22,7,,,INT201803,,,,,,
KAH,2020,kah2001,12,1,BPLE,SNA,5,123,,30,W,22,31,,,INT201803,,,,,,
KAH,2020,kah2001,12,1,BPLE,SNA,6,124,,6,W,22,7,,,INT201803,,,,,,
KAH,2020,kah2001,12,1,BPLE,SNA,8,125,,20,W,22,21,,,INT201803,,,,,,
KAH,2020,kah2001,12,1,BPLE,SNA,9,126,,20,W,22,21,,,INT201803,,,,,,
KAH,2020,kah2001,12,1,BPLE,SNA,10,127,,7,W,22,8,,,INT201803,,,,,,
KAH,2020,kah2001,12,1,BPLE,SNA,12,128,,4,W,22,5,,,INT201803,,,,,,
KAH,2020,kah2001,12,1,BPLE,SNA,13,129,,4,W,22,5,,,INT201803,,,,,,
KAH,2020,kah2001,12,1,BPLE,SNA,15,130,,9,W,22,10,,,INT201803,,,,,,
KAH,2020,kah2001,12,1,BPLE,SNA,17,131,,4,W,22,5,,,INT201803,,,,,,
KAH,2020,kah2001,12,1,BPLE,SNA,19,132,,11,W,22,12,,,INT201803,,,,,,
KAH,2020,kah2001,12,1,BPLE,SNA,20,133,,4,W,22,5,,,INT201803,,,,,,
KAH,2020,kah2001,13,1,BPLE,SNA,2,134,,7,W,22,8,,,INT201803,,,,,,
KAH,2020,kah2001,13,1,BPLE,SNA,4,135,,2,W,22,3,,,INT201803,,,,,,
KAH,2020,kah2001,13,1,BPLE,SNA,7,136,,2,W,22,3,,,INT201803,,,,,,
KAH,2020,kah2001,13,1,BPLE,SNA,8,137,,11,W,22,12,,,INT201803,,,,,,
KAH,2020,kah2001,13,1,BPLE,SNA,9,138,,14,W,22,15,,,INT201803,,,,,,
KAH,2020,kah2001,13,1,BPLE,SNA,12,139,,3,W,22,4,,,INT201803,,,,,,
KAH,2020,kah2001,13,1,BPLE,SNA,15,140,,5,W,22,6,,,INT201803,,,,,,
KAH,2020,kah2001,13,1,BPLE,SNA,17,141,,4,W,22,5,,,INT201803,,,,,,
KAH,2020,kah2001,13,1,BPLE,SNA,19,142,,1,W,22,2,,,INT201803,,,,,,
KAH,2020,kah2001,13,1,BPLE,SNA,20,143,,0,W,22,1,,,INT201803,,,,,,
KAH,2020,kah2001,13,1,BPLE,SNA,21,144,,1,W,22,2,,,INT201803,,,,,,
KAH,2020,kah2001,13,1,BPLE,SNA,22,145,,1,W,22,2,,,INT201803,,,,,,
KAH,2020,kah2001,13,1,BPLE,SNA,23,146,,1,W,22,2,,,INT201803,,,,,,
KAH,2020,kah2001,13,1,BPLE,SNA,24,147,,1,W,22,2,,,INT201803,,,,,,
KAH,2020,kah2001,13,1,BPLE,SNA,25,148,,1,W,22,2,,,INT201803,,,,,,
KAH,2020,kah2001,13,1,BPLE,SNA,26,149,,0,W,22,1,,,INT201803,,,,,,
KAH,2020,kah2001,13,1,BPLE,SNA,27,150,,0,W,22,1,,,INT201803,,,,,,
KAH,2020,kah2001,13,1,BPLE,SNA,28,151,,0,W,22,1,,,INT201803,,,,,,
KAH,2020,kah2001,14,1,BPLE,SNA,2,152,,13,W,22,14,,,INT201803,,,,,,
KAH,2020,kah2001,14,1,BPLE,SNA,3,153,,13,W,22,14,,,INT201803,,,,,,
KAH,2020,kah2001,14,1,BPLE,SNA,6,154,,4,W,22,5,,,INT201803,,,,,,
KAH,2020,kah2001,14,1,BPLE,SNA,7,155,,6,W,22,7,,,INT201803,,,,,,
KAH,2020,kah2001,14,1,BPLE,SNA,8,156,,4,W,22,5,,,INT201803,,,,,,
KAH,2020,kah2001,14,1,BPLE,SNA,9,157,,10,W,22,11,,,INT201803,,,,,,
KAH,2020,kah2001,14,1,BPLE,SNA,10,158,,6,W,22,7,,,INT201803,,,,,,
KAH,2020,kah2001,14,1,BPLE,SNA,11,159,,11,W,22,12,,,INT201803,,,,,,
KAH,2020,kah2001,14,1,BPLE,SNA,12,160,,11,W,22,12,,,INT201803,,,,,,
KAH,2020,kah2001,14,1,BPLE,SNA,18,161,,1,W,22,2,,,INT201803,,,,,,
KAH,2020,kah2001,14,1,BPLE,SNA,19,162,,1,W,22,2,,,INT201803,,,,,,
KAH,2020,kah2001,14,1,BPLE,SNA,21,163,,0,W,22,1,,,INT201803,,,,,,
KAH,2020,kah2001,14,1,BPLE,SNA,22,164,,0,W,22,1,,,INT201803,,,,,,
KAH,2020,kah2001,14,1,BPLE,SNA,23,165,,0,W,22,1,,,INT201803,,,,,,
KAH,2020,kah2001,14,1,BPLE,SNA,24,166,,0,W,22,1,,,INT201803,,,,,,
KAH,2020,kah2001,15,1,BPLE,SNA,1,167,,13,W,22,14,,,INT201803,,,,,,
KAH,2020,kah2001,15,1,BPLE,SNA,2,168,,4,W,22,5,,,INT201803,,,,,,
KAH,2020,kah2001,15,1,BPLE,SNA,4,169,,16,W,22,17,,,INT201803,,,,,,
KAH,2020,kah2001,15,1,BPLE,SNA,5,170,,4,W,22,5,,,INT201803,,,,,,
KAH,2020,kah2001,15,1,BPLE,SNA,6,171,,1,W,22,2,,,INT201803,,,,,,
KAH,2020,kah2001,15,1,BPLE,SNA,9,172,,14,W,22,15,,,INT201803,,,,,,
KAH,2020,kah2001,15,1,BPLE,SNA,12,173,,2,W,22,3,,,INT201803,,,,,,
KAH,2020,kah2001,15,1,BPLE,SNA,13,174,,1,W,22,2,,,INT201803,,,,,,
KAH,2020,kah2001,15,1,BPLE,SNA,14,175,,2,W,22,3,,,INT201803,,,,,,
KAH,2020,kah2001,15,1,BPLE,SNA,18,176,,4,W,22,5,,,INT201803,,,,,,
KAH,2020,kah2001,15,1,BPLE,SNA,20,177,,2,W,22,3,,,INT201803,,,,,,
KAH,2020,kah2001,15,1,BPLE,SNA,21,178,,1,W,22,2,,,INT201803,,,,,,
KAH,2020,kah2001,15,1,BPLE,SNA,22,179,,1,W,22,2,,,INT201803,,,,,,
KAH,2020,kah2001,15,1,BPLE,SNA,23,180,,0,W,22,1,,,INT201803,,,,,,
KAH,2020,kah2001,15,1,BPLE,SNA,24,181,,1,W,22,2,,,INT201803,,,,,,
KAH,2020,kah2001,15,1,BPLE,SNA,25,182,,0,W,22,1,,,INT201803,,,,,,
KAH,2020,kah2001,15,1,BPLE,SNA,26,183,,0,W,22,1,,,INT201803,,,,,,
KAH,2020,kah2001,15,1,BPLE,SNA,27,184,,1,W,22,2,,,INT201803,,,,,,
KAH,2020,kah2001,15,1,BPLE,SNA,28,185,,1,W,22,2,,,INT201803,,,,,,
KAH,2020,kah2001,15,1,BPLE,SNA,29,186,,0,W,22,1,,,INT201803,,,,,,
KAH,2020,kah2001,16,1,BPLE,SNA,2,187,,12,W,22,13,,,INT201803,,,,,,
KAH,2020,kah2001,16,1,BPLE,SNA,5,188,,11,W,22,12,,,INT201803,,,,,,
KAH,2020,kah2001,16,1,BPLE,SNA,6,189,,7,W,22,8,,,INT201803,,,,,,
KAH,2020,kah2001,16,1,BPLE,SNA,7,190,,4,W,22,5,,,INT201803,,,,,,
KAH,2020,kah2001,16,1,BPLE,SNA,8,191,,9,W,22,10,,,INT201803,,,,,,
KAH,2020,kah2001,16,1,BPLE,SNA,10,192,,18,W,22,19,,,INT201803,,,,,,
KAH,2020,kah2001,16,1,BPLE,SNA,11,193,,20,W,22,21,,,INT201803,,,,,,
KAH,2020,kah2001,16,1,BPLE,SNA,12,194,,6,W,22,7,,,INT201803,,,,,,
KAH,2020,kah2001,16,1,BPLE,SNA,14,195,,4,W,22,5,,,INT201803,,,,,,
KAH,2020,kah2001,16,1,BPLE,SNA,15,196,,6,W,22,7,,,INT201803,,,,,,
KAH,2020,kah2001,16,1,BPLE,SNA,17,197,,18,W,22,19,,,INT201803,,,,,,
KAH,2020,kah2001,16,1,BPLE,SNA,19,198,,2,W,22,3,,,INT201803,,,,,,
KAH,2020,kah2001,16,1,BPLE,SNA,20,199,,1,W,22,2,,,INT201803,,,,,,
KAH,2020,kah2001,16,1,BPLE,SNA,21,200,,2,W,22,3,,,INT201803,,,,,,
KAH,2020,kah2001,16,1,BPLE,SNA,22,201,,2,W,22,3,,,INT201803,,,,,,
KAH,2020,kah2001,16,1,BPLE,SNA,23,202,,4,W,22,5,,,INT201803,,,,,,
KAH,2020,kah2001,16,1,BPLE,SNA,24,203,,2,W,22,3,,,INT201803,,,,,,
KAH,2020,kah2001,17,1,BPLE,SNA,1,204,,4,W,22,5,,,INT201803,,,,,,
KAH,2020,kah2001,17,1,BPLE,SNA,3,205,,3,W,22,4,,,INT201803,,,,,,
KAH,2020,kah2001,17,1,BPLE,SNA,4,206,,20,W,22,21,,,INT201803,,,,,,
KAH,2020,kah2001,17,1,BPLE,SNA,5,207,,12,W,22,13,,,INT201803,,,,,,
KAH,2020,kah2001,17,1,BPLE,SNA,6,208,,14,W,22,15,,,INT201803,,,,,,
KAH,2020,kah2001,17,1,BPLE,SNA,8,209,,14,W,22,15,,,INT201803,,,,,,
KAH,2020,kah2001,17,1,BPLE,SNA,9,210,,3,W,22,4,,,INT201803,,,,,,
KAH,2020,kah2001,17,1,BPLE,SNA,11,211,,4,W,22,5,,,INT201803,,,,,,
KAH,2020,kah2001,17,1,BPLE,SNA,12,212,,17,W,22,18,,,INT201803,,,,,,
KAH,2020,kah2001,17,1,BPLE,SNA,13,213,,11,W,22,12,,,INT201803,,,,,,
KAH,2020,kah2001,17,1,BPLE,SNA,15,214,,4,W,22,5,,,INT201803,,,,,,
KAH,2020,kah2001,17,1,BPLE,SNA,17,215,,3,W,22,4,,,INT201803,,,,,,
KAH,2020,kah2001,17,1,BPLE,SNA,18,216,,1,W,22,2,,,INT201803,,,,,,
KAH,2020,kah2001,17,1,BPLE,SNA,19,217,,0,W,22,1,,,INT201803,,,,,,
KAH,2020,kah2001,17,1,BPLE,SNA,20,218,,1,W,22,2,,,INT201803,,,,,,
KAH,2020,kah2001,17,1,BPLE,SNA,21,219,,0,W,22,1,,,INT201803,,,,,,
KAH,2020,kah2001,17,1,BPLE,SNA,22,220,,0,W,22,1,,,INT201803,,,,,,
KAH,2020,kah2001,17,1,BPLE,SNA,23,221,,0,W,22,1,,,INT201803,,,,,,
KAH,2020,kah2001,17,1,BPLE,SNA,24,222,,0,W,22,1,,,INT201803,,,,,,
KAH,2020,kah2001,17,1,BPLE,SNA,25,223,,0,W,22,1,,,INT201803,,,,,,
KAH,2020,kah2001,17,1,BPLE,SNA,26,224,,1,W,22,2,,,INT201803,,,,,,
KAH,2020,kah2001,17,1,BPLE,SNA,27,225,,1,W,22,2,,,INT201803,,,,,,
KAH,2020,kah2001,17,1,BPLE,SNA,28,226,,0,W,22,1,,,INT201803,,,,,,
KAH,2020,kah2001,17,1,BPLE,SNA,29,227,,0,W,22,1,,,INT201803,,,,,,
KAH,2020,kah2001,17,1,BPLE,SNA,30,228,,0,W,22,1,,,INT201803,,,,,,
KAH,2020,kah2001,18,1,BPLE,SNA,1,229,,5,W,22,6,,,INT201803,,,,,,
KAH,2020,kah2001,18,1,BPLE,SNA,2,230,,6,W,22,7,,,INT201803,,,,,,
KAH,2020,kah2001,18,1,BPLE,SNA,4,231,,4,W,22,5,,,INT201803,,,,,,
KAH,2020,kah2001,18,1,BPLE,SNA,5,232,,10,W,22,11,,,INT201803,,,,,,
KAH,2020,kah2001,18,1,BPLE,SNA,6,233,,6,W,22,7,,,INT201803,,,,,,
KAH,2020,kah2001,18,1,BPLE,SNA,7,234,,10,W,22,11,,,INT201803,,,,,,
KAH,2020,kah2001,18,1,BPLE,SNA,8,235,,17,W,22,18,,,INT201803,,,,,,
KAH,2020,kah2001,18,1,BPLE,SNA,9,236,,20,W,22,21,,,INT201803,,,,,,
KAH,2020,kah2001,18,1,BPLE,SNA,10,237,,4,W,22,5,,,INT201803,,,,,,
KAH,2020,kah2001,18,1,BPLE,SNA,14,238,,4,W,22,5,,,INT201803,,,,,,
KAH,2020,kah2001,18,1,BPLE,SNA,16,239,,4,W,22,5,,,INT201803,,,,,,
KAH,2020,kah2001,18,1,BPLE,SNA,17,240,,6,W,22,7,,,INT201803,,,,,,
KAH,2020,kah2001,18,1,BPLE,SNA,18,241,,4,W,22,5,,,INT201803,,,,,,
KAH,2020,kah2001,18,1,BPLE,SNA,20,242,,10,W,22,11,,,INT201803,,,,,,
KAH,2020,kah2001,18,1,BPLE,SNA,21,243,,20,W,22,21,,,INT201803,,,,,,
KAH,2020,kah2001,18,1,BPLE,SNA,23,244,,1,W,22,2,,,INT201803,,,,,,
KAH,2020,kah2001,19,1,BPLE,SNA,17,246,,9,W,22,10,,,INT201803,,,,,,
KAH,2020,kah2001,19,1,BPLE,SNA,18,247,,4,W,22,5,,,INT201803,,,,,,
KAH,2020,kah2001,19,1,BPLE,SNA,19,248,,4,W,22,5,,,INT201803,,,,,,
KAH,2020,kah2001,19,1,BPLE,SNA,20,249,,2,W,22,3,,,INT201803,,,,,,
KAH,2020,kah2001,19,1,BPLE,SNA,21,250,,0,W,22,1,,,INT201803,,,,,,
KAH,2020,kah2001,19,1,BPLE,SNA,22,251,,1,W,22,2,,,INT201803,,,,,,
KAH,2020,kah2001,19,1,BPLE,SNA,23,252,,1,W,22,2,,,INT201803,,,,,,
KAH,2020,kah2001,20,1,BPLE,SNA,2,253,,9,W,22,10,,,INT201803,,,,,,
KAH,2020,kah2001,20,1,BPLE,SNA,3,254,,3,W,22,4,,,INT201803,,,,,,
KAH,2020,kah2001,20,1,BPLE,SNA,5,255,,9,W,22,10,,,INT201803,,,,,,
KAH,2020,kah2001,20,1,BPLE,SNA,6,256,,4,W,22,5,,,INT201803,,,,,,
KAH,2020,kah2001,20,1,BPLE,SNA,8,257,,1,W,22,2,,,INT201803,,,,,,
KAH,2020,kah2001,20,1,BPLE,SNA,10,258,,4,W,22,5,,,INT201803,,,,,,
KAH,2020,kah2001,20,1,BPLE,SNA,11,259,,14,W,22,15,,,INT201803,,,,,,
KAH,2020,kah2001,20,1,BPLE,SNA,12,260,,6,W,22,7,,,INT201803,,,,,,
KAH,2020,kah2001,20,1,BPLE,SNA,14,261,,2,W,22,3,,,INT201803,,,,,,
KAH,2020,kah2001,20,1,BPLE,SNA,15,262,,3,W,22,4,,,INT201803,,,,,,
KAH,2020,kah2001,20,1,BPLE,SNA,18,263,,4,W,22,5,,,INT201803,,,,,,
KAH,2020,kah2001,20,1,BPLE,SNA,19,264,,1,W,22,2,,,INT201803,,,,,,
KAH,2020,kah2001,20,1,BPLE,SNA,20,265,,1,W,22,2,,,INT201803,,,,,,
KAH,2020,kah2001,20,1,BPLE,SNA,21,266,,2,W,22,3,,,INT201803,,,,,,
KAH,2020,kah2001,20,1,BPLE,SNA,22,267,,1,W,22,2,,,INT201803,,,,,,
KAH,2020,kah2001,20,1,BPLE,SNA,23,268,,1,W,22,2,,,INT201803,,,,,,
KAH,2020,kah2001,20,1,BPLE,SNA,24,269,,1,W,22,2,,,INT201803,,,,,,
KAH,2020,kah2001,20,1,BPLE,SNA,25,270,,1,W,22,2,,,INT201803,,,,,,
KAH,2020,kah2001,21,1,BPLE,SNA,1,271,,6,W,22,7,,,INT201803,,,,,,
KAH,2020,kah2001,21,1,BPLE,SNA,6,272,,6,W,22,7,,,INT201803,,,,,,
KAH,2020,kah2001,21,1,BPLE,SNA,7,273,,4,W,22,5,,,INT201803,,,,,,
KAH,2020,kah2001,21,1,BPLE,SNA,8,274,,4,W,22,5,,,INT201803,,,,,,
KAH,2020,kah2001,21,1,BPLE,SNA,9,275,,20,W,22,21,,,INT201803,,,,,,
KAH,2020,kah2001,21,1,BPLE,SNA,10,276,,1,W,22,2,,,INT201803,,,,,,
KAH,2020,kah2001,21,1,BPLE,SNA,11,277,,0,W,22,1,,,INT201803,,,,,,
KAH,2020,kah2001,21,1,BPLE,SNA,12,278,,0,W,22,1,,,INT201803,,,,,,
KAH,2020,kah2001,21,1,BPLE,SNA,13,279,,0,W,22,1,,,INT201803,,,,,,
KAH,2020,kah2001,21,1,BPLE,SNA,14,280,,0,W,22,1,,,INT201803,,,,,,
KAH,2020,kah2001,21,1,BPLE,SNA,15,281,,0,W,22,1,,,INT201803,,,,,,
KAH,2020,kah2001,21,1,BPLE,SNA,16,282,,0,W,22,1,,,INT201803,,,,,,
KAH,2020,kah2001,21,1,BPLE,SNA,17,283,,0,W,22,1,,,INT201803,,,,,,
KAH,2020,kah2001,21,1,BPLE,SNA,18,284,,0,W,22,1,,,INT201803,,,,,,
KAH,2020,kah2001,21,1,BPLE,SNA,19,285,,0,W,22,1,,,INT201803,,,,,,
KAH,2020,kah2001,21,1,BPLE,SNA,20,286,,0,W,22,1,,,INT201803,,,,,,
KAH,2020,kah2001,21,1,BPLE,SNA,21,287,,1,W,22,2,,,INT201803,,,,,,
KAH,2020,kah2001,21,1,BPLE,SNA,22,288,,0,W,22,1,,,INT201803,,,,,,
KAH,2020,kah2001,21,1,BPLE,SNA,23,289,,0,W,22,1,,,INT201803,,,,,,
KAH,2020,kah2001,21,1,BPLE,SNA,24,290,,0,W,22,1,,,INT201803,,,,,,
KAH,2020,kah2001,21,1,BPLE,SNA,25,291,,1,W,22,2,,,INT201803,,,,,,
KAH,2020,kah2001,21,1,BPLE,SNA,26,292,,0,W,22,1,,,INT201803,,,,,,
KAH,2020,kah2001,21,1,BPLE,SNA,27,293,,0,W,22,1,,,INT201803,,,,,,
KAH,2020,kah2001,21,1,BPLE,SNA,28,294,,0,W,22,1,,,INT201803,,,,,,
KAH,2020,kah2001,22,1,BPLE,SNA,2,295,,2,W,22,3,,,INT201803,,,,,,
KAH,2020,kah2001,22,1,BPLE,SNA,3,296,,9,W,22,10,,,INT201803,,,,,,
KAH,2020,kah2001,22,1,BPLE,SNA,6,297,,2,W,22,3,,,INT201803,,,,,,
KAH,2020,kah2001,22,1,BPLE,SNA,10,298,,4,W,22,5,,,INT201803,,,,,,
KAH,2020,kah2001,22,1,BPLE,SNA,11,299,,11,W,22,12,,,INT201803,,,,,,
KAH,2020,kah2001,22,1,BPLE,SNA,12,300,,10,W,22,11,,,INT201803,,,,,,
KAH,2020,kah2001,22,1,BPLE,SNA,13,301,,1,W,22,2,,,INT201803,,,,,,
KAH,2020,kah2001,22,1,BPLE,SNA,14,302,,1,W,22,2,,,INT201803,,,,,,
KAH,2020,kah2001,22,1,BPLE,SNA,15,303,,1,W,22,2,,,INT201803,,,,,,
KAH,2020,kah2001,22,1,BPLE,SNA,16,304,,1,W,22,2,,,INT201803,,,,,,
KAH,2020,kah2001,22,1,BPLE,SNA,17,305,,0,W,22,1,,,INT201803,,,,,,
KAH,2020,kah2001,22,1,BPLE,SNA,18,306,,0,W,22,1,,,INT201803,,,,,,
KAH,2020,kah2001,22,1,BPLE,SNA,19,307,,0,W,22,1,,,INT201803,,,,,,
KAH,2020,kah2001,22,1,BPLE,SNA,20,308,,0,W,22,1,,,INT201803,,,,,,
KAH,2020,kah2001,22,1,BPLE,SNA,21,309,,1,W,22,2,,,INT201803,,,,,,
KAH,2020,kah2001,22,1,BPLE,SNA,22,310,,1,W,22,2,,,INT201803,,,,,,
KAH,2020,kah2001,22,1,BPLE,SNA,23,311,,0,W,22,1,,,INT201803,,,,,,
KAH,2020,kah2001,22,1,BPLE,SNA,24,312,,0,W,22,1,,,INT201803,,,,,,
KAH,2020,kah2001,22,1,BPLE,SNA,25,313,,0,W,22,1,,,INT201803,,,,,,
KAH,2020,kah2001,22,1,BPLE,SNA,26,314,,20,W,22,21,,,INT201803,,,,,,
KAH,2020,kah2001,22,1,BPLE,SNA,27,315,,20,W,22,21,,,INT201803,,,,,,
KAH,2020,kah2001,23,1,BPLE,SNA,2,316,,0,W,22,1,,,INT201803,,,,,,
KAH,2020,kah2001,23,1,BPLE,SNA,3,317,,0,W,22,1,,,INT201803,,,,,,
KAH,2020,kah2001,23,1,BPLE,SNA,4,318,,1,W,22,2,,,INT201803,,,,,,
KAH,2020,kah2001,23,1,BPLE,SNA,5,319,,0,W,22,1,,,INT201803,,,,,,
KAH,2020,kah2001,23,1,BPLE,SNA,6,320,,0,W,22,1,,,INT201803,,,,,,
KAH,2020,kah2001,23,1,BPLE,SNA,7,321,,1,W,22,2,,,INT201803,,,,,,
KAH,2020,kah2001,23,1,BPLE,SNA,8,322,,1,W,22,2,,,INT201803,,,,,,
KAH,2020,kah2001,23,1,BPLE,SNA,9,323,,0,W,22,1,,,INT201803,,,,,,
KAH,2020,kah2001,23,1,BPLE,SNA,10,324,,1,W,22,2,,,INT201803,,,,,,
KAH,2020,kah2001,23,1,BPLE,SNA,13,325,,3,W,22,4,,,INT201803,,,,,,
KAH,2020,kah2001,23,1,BPLE,SNA,18,326,,3,W,22,4,,,INT201803,,,,,,
KAH,2020,kah2001,23,1,BPLE,SNA,19,327,,4,W,22,5,,,INT201803,,,,,,
KAH,2020,kah2001,23,1,BPLE,SNA,20,328,,3,W,22,4,,,INT201803,,,,,,
KAH,2020,kah2001,23,1,BPLE,SNA,21,329,,0,W,22,1,,,INT201803,,,,,,
KAH,2020,kah2001,23,1,BPLE,SNA,22,330,,0,W,22,1,,,INT201803,,,,,,
KAH,2020,kah2001,23,1,BPLE,SNA,23,331,,1,W,22,2,,,INT201803,,,,,,
KAH,2020,kah2001,23,1,BPLE,SNA,24,332,,1,W,22,2,,,INT201803,,,,,,
KAH,2020,kah2001,23,1,BPLE,SNA,25,333,,0,W,22,1,,,INT201803,,,,,,
KAH,2020,kah2001,24,1,BPLE,SNA,1,334,,5,W,22,6,,,INT201803,,,,,,
KAH,2020,kah2001,24,1,BPLE,SNA,2,335,,2,W,22,3,,,INT201803,,,,,,
KAH,2020,kah2001,24,1,BPLE,SNA,6,336,,6,W,22,7,,,INT201803,,,,,,
KAH,2020,kah2001,24,1,BPLE,SNA,7,337,,3,W,22,4,,,INT201803,,,,,,
KAH,2020,kah2001,24,1,BPLE,SNA,9,338,,10,W,22,11,,,INT201803,,,,,,
KAH,2020,kah2001,24,1,BPLE,SNA,11,339,,12,W,22,13,,,INT201803,,,,,,
KAH,2020,kah2001,24,1,BPLE,SNA,12,340,,4,W,22,5,,,INT201803,,,,,,
KAH,2020,kah2001,24,1,BPLE,SNA,13,341,,2,W,22,3,,,INT201803,,,,,,
KAH,2020,kah2001,24,1,BPLE,SNA,14,342,,2,W,22,3,,,INT201803,,,,,,
KAH,2020,kah2001,24,1,BPLE,SNA,19,343,,14,W,22,15,,,INT201803,,,,,,
KAH,2020,kah2001,24,1,BPLE,SNA,20,344,,11,W,22,12,,,INT201803,,,,,,
KAH,2020,kah2001,25,1,BPLE,SNA,3,345,,4,W,22,5,,,INT201803,,,,,,
KAH,2020,kah2001,25,1,BPLE,SNA,5,346,,4,W,22,5,,,INT201803,,,,,,
KAH,2020,kah2001,25,1,BPLE,SNA,8,347,,4,W,22,5,,,INT201803,,,,,,
KAH,2020,kah2001,25,1,BPLE,SNA,13,348,,9,W,22,10,,,INT201803,,,,,,
KAH,2020,kah2001,25,1,BPLE,SNA,15,349,,4,W,22,5,,,INT201803,,,,,,
KAH,2020,kah2001,25,1,BPLE,SNA,16,350,,5,W,22,6,,,INT201803,,,,,,
KAH,2020,kah2001,25,1,BPLE,SNA,17,351,,14,W,22,15,,,INT201803,,,,,,
KAH,2020,kah2001,25,1,BPLE,SNA,18,352,,4,W,22,5,,,INT201803,,,,,,
KAH,2020,kah2001,25,1,BPLE,SNA,20,353,,11,W,22,12,,,INT201803,,,,,,
KAH,2020,kah2001,25,1,BPLE,SNA,21,354,,21,W,22,22,,,INT201803,,,,,,
KAH,2020,kah2001,25,1,BPLE,SNA,22,355,,21,W,22,22,,,INT201803,,,,,,
KAH,2020,kah2001,25,1,BPLE,SNA,23,356,,1,W,22,2,,,INT201803,,,,,,
KAH,2020,kah2001,25,1,BPLE,SNA,24,357,,1,W,22,2,,,INT201803,,,,,,
KAH,2020,kah2001,25,1,BPLE,SNA,25,358,,0,W,22,1,,,INT201803,,,,,,
KAH,2020,kah2001,25,1,BPLE,SNA,26,359,,0,W,22,1,,,INT201803,,,,,,
KAH,2020,kah2001,26,1,BPLE,SNA,2,360,,7,W,22,8,,,INT201803,,,,,,
KAH,2020,kah2001,26,1,BPLE,SNA,3,361,,1,W,22,2,,,INT201803,,,,,,
KAH,2020,kah2001,26,1,BPLE,SNA,4,362,,5,W,22,6,,,INT201803,,,,,,
KAH,2020,kah2001,26,1,BPLE,SNA,5,363,,5,W,22,6,,,INT201803,,,,,,
KAH,2020,kah2001,26,1,BPLE,SNA,7,364,,4,W,22,5,,,INT201803,,,,,,
KAH,2020,kah2001,26,1,BPLE,SNA,9,365,,9,W,22,10,,,INT201803,,,,,,
KAH,2020,kah2001,26,1,BPLE,SNA,10,366,,16,W,22,17,,,INT201803,,,,,,
KAH,2020,kah2001,26,1,BPLE,SNA,11,367,,5,W,22,6,,,INT201803,,,,,,
KAH,2020,kah2001,26,1,BPLE,SNA,12,368,,4,W,22,5,,,INT201803,,,,,,
KAH,2020,kah2001,26,1,BPLE,SNA,15,369,,6,W,22,7,,,INT201803,,,,,,
KAH,2020,kah2001,26,1,BPLE,SNA,16,370,,5,W,22,6,,,INT201803,,,,,,
KAH,2020,kah2001,26,1,BPLE,SNA,17,371,,3,W,22,4,,,INT201803,,,,,,
KAH,2020,kah2001,26,1,BPLE,SNA,18,372,,1,W,22,2,,,INT201803,,,,,,
KAH,2020,kah2001,26,1,BPLE,SNA,19,373,,2,W,22,3,,,INT201803,,,,,,
KAH,2020,kah2001,26,1,BPLE,SNA,20,374,,1,W,22,2,,,INT201803,,,,,,
KAH,2020,kah2001,26,1,BPLE,SNA,21,375,,2,W,22,3,,,INT201803,,,,,,
KAH,2020,kah2001,26,1,BPLE,SNA,22,376,,2,W,22,3,,,INT201803,,,,,,
KAH,2020,kah2001,26,1,BPLE,SNA,23,377,,1,W,22,2,,,INT201803,,,,,,
KAH,2020,kah2001,26,1,BPLE,SNA,24,378,,2,W,22,3,,,INT201803,,,,,,
KAH,2020,kah2001,26,1,BPLE,SNA,25,379,,2,W,22,3,,,INT201803,,,,,,
KAH,2020,kah2001,26,1,BPLE,SNA,26,380,,2,W,22,3,,,INT201803,,,,,,
KAH,2020,kah2001,26,1,BPLE,SNA,27,381,,1,W,22,2,,,INT201803,,,,,,
KAH,2020,kah2001,27,1,BPLE,SNA,1,382,,12,W,22,13,,,INT201803,,,,,,
KAH,2020,kah2001,27,1,BPLE,SNA,2,383,,5,W,22,6,,,INT201803,,,,,,
KAH,2020,kah2001,27,1,BPLE,SNA,4,384,,10,W,22,11,,,INT201803,,,,,,
KAH,2020,kah2001,27,1,BPLE,SNA,5,385,,3,W,22,4,,,INT201803,,,,,,
KAH,2020,kah2001,27,1,BPLE,SNA,6,386,,5,W,22,6,,,INT201803,,,,,,
KAH,2020,kah2001,27,1,BPLE,SNA,7,387,,15,W,22,16,,,INT201803,,,,,,
KAH,2020,kah2001,27,1,BPLE,SNA,9,388,,12,W,22,13,,,INT201803,,,,,,
KAH,2020,kah2001,27,1,BPLE,SNA,18,389,,2,W,22,3,,,INT201803,,,,,,
KAH,2020,kah2001,27,1,BPLE,SNA,19,390,,3,W,22,4,,,INT201803,,,,,,
KAH,2020,kah2001,27,1,BPLE,SNA,20,391,,1,W,22,2,,,INT201803,,,,,,
KAH,2020,kah2001,27,1,BPLE,SNA,21,392,,23,W,22,24,,,INT201803,,,,,,
KAH,2020,kah2001,27,1,BPLE,SNA,22,393,,19,W,22,20,,,INT201803,,,,,,
KAH,2020,kah2001,28,1,BPLE,SNA,2,394,,8,W,22,9,,,INT201803,,,,,,
KAH,2020,kah2001,28,1,BPLE,SNA,6,395,,20,W,22,21,,,INT201803,,,,,,
KAH,2020,kah2001,28,1,BPLE,SNA,7,396,,18,W,22,19,,,INT201803,,,,,,
KAH,2020,kah2001,29,1,BPLE,SNA,1,397,,4,W,22,5,,,INT201803,,,,,,
KAH,2020,kah2001,29,1,BPLE,SNA,2,398,,6,W,22,7,,,INT201803,,,,,,
KAH,2020,kah2001,29,1,BPLE,SNA,3,399,,4,W,22,5,,,INT201803,,,,,,
KAH,2020,kah2001,29,1,BPLE,SNA,4,400,,5,W,22,6,,,INT201803,,,,,,
KAH,2020,kah2001,29,1,BPLE,SNA,5,401,,7,W,22,8,,,INT201803,,,,,,
KAH,2020,kah2001,29,1,BPLE,SNA,6,402,,12,W,22,13,,,INT201803,,,,,,
KAH,2020,kah2001,29,1,BPLE,SNA,8,403,,9,W,22,10,,,INT201803,,,,,,
KAH,2020,kah2001,29,1,BPLE,SNA,9,404,,10,W,22,11,,,INT201803,,,,,,
KAH,2020,kah2001,29,1,BPLE,SNA,11,405,,6,W,22,7,,,INT201803,,,,,,
KAH,2020,kah2001,29,1,BPLE,SNA,12,406,,14,W,22,15,,,INT201803,,,,,,
KAH,2020,kah2001,29,1,BPLE,SNA,18,407,,7,W,22,8,,,INT201803,,,,,,
KAH,2020,kah2001,29,1,BPLE,SNA,19,408,,8,W,22,9,,,INT201803,,,,,,
KAH,2020,kah2001,29,1,BPLE,SNA,20,409,,15,W,22,16,,,INT201803,,,,,,
KAH,2020,kah2001,29,1,BPLE,SNA,21,410,,6,W,22,7,,,INT201803,,,,,,
KAH,2020,kah2001,29,1,BPLE,SNA,22,411,,6,W,22,7,,,INT201803,,,,,,
KAH,2020,kah2001,29,1,BPLE,SNA,23,412,,11,W,22,12,,,INT201803,,,,,,
KAH,2020,kah2001,30,1,BPLE,SNA,1,413,,8,W,22,9,,,INT201803,,,,,,
KAH,2020,kah2001,30,1,BPLE,SNA,2,414,,12,W,22,13,,,INT201803,,,,,,
KAH,2020,kah2001,30,1,BPLE,SNA,3,415,,11,W,22,12,,,INT201803,,,,,,
KAH,2020,kah2001,30,1,BPLE,SNA,4,416,,12,W,22,13,,,INT201803,,,,,,
KAH,2020,kah2001,30,1,BPLE,SNA,5,417,,18,W,22,19,,,INT201803,,,,,,
KAH,2020,kah2001,30,1,BPLE,SNA,7,418,,10,W,22,11,,,INT201803,,,,,,
KAH,2020,kah2001,30,1,BPLE,SNA,8,419,,18,W,22,19,,,INT201803,,,,,,
KAH,2020,kah2001,30,1,BPLE,SNA,10,420,,11,W,22,12,,,INT201803,,,,,,
KAH,2020,kah2001,30,1,BPLE,SNA,11,421,,12,W,22,13,,,INT201803,,,,,,
KAH,2020,kah2001,30,1,BPLE,SNA,12,422,,18,W,22,19,,,INT201803,,,,,,
KAH,2020,kah2001,30,1,BPLE,SNA,13,423,,14,W,22,15,,,INT201803,,,,,,
KAH,2020,kah2001,30,1,BPLE,SNA,16,424,,10,W,22,11,,,INT201803,,,,,,
KAH,2020,kah2001,30,1,BPLE,SNA,17,425,,12,W,22,13,,,INT201803,,,,,,
KAH,2020,kah2001,30,1,BPLE,SNA,18,426,,19,W,22,20,,,INT201803,,,,,,
KAH,2020,kah2001,30,1,BPLE,SNA,19,427,,13,W,22,14,,,INT201803,,,,,,
KAH,2020,kah2001,30,1,BPLE,SNA,20,428,,17,W,22,18,,,INT201803,,,,,,
KAH,2020,kah2001,31,1,BPLE,SNA,3,429,,9,W,22,10,,,INT201803,,,,,,
KAH,2020,kah2001,31,1,BPLE,SNA,4,430,,16,W,22,17,,,INT201803,,,,,,
KAH,2020,kah2001,31,1,BPLE,SNA,5,431,,8,W,22,9,,,INT201803,,,,,,
KAH,2020,kah2001,31,1,BPLE,SNA,6,432,,6,W,22,7,,,INT201803,,,,,,
KAH,2020,kah2001,31,1,BPLE,SNA,7,433,,14,W,22,15,,,INT201803,,,,,,
KAH,2020,kah2001,31,1,BPLE,SNA,8,434,,13,W,22,14,,,INT201803,,,,,,
KAH,2020,kah2001,31,1,BPLE,SNA,10,435,,11,W,22,12,,,INT201803,,,,,,
KAH,2020,kah2001,31,1,BPLE,SNA,11,436,,11,W,22,12,,,INT201803,,,,,,
KAH,2020,kah2001,31,1,BPLE,SNA,12,437,,6,W,22,7,,,INT201803,,,,,,
KAH,2020,kah2001,31,1,BPLE,SNA,13,438,,9,W,22,10,,,INT201803,,,,,,
KAH,2020,kah2001,31,1,BPLE,SNA,15,439,,7,W,22,8,,,INT201803,,,,,,
KAH,2020,kah2001,31,1,BPLE,SNA,16,440,,3,W,22,4,,,INT201803,,,,,,
KAH,2020,kah2001,31,1,BPLE,SNA,17,441,,8,W,22,9,,,INT201803,,,,,,
KAH,2020,kah2001,31,1,BPLE,SNA,19,442,,4,W,22,5,,,INT201803,,,,,,
KAH,2020,kah2001,32,1,BPLE,SNA,5,443,,6,W,22,7,,,INT201803,,,,,,
KAH,2020,kah2001,32,1,BPLE,SNA,6,444,,8,W,22,9,,,INT201803,,,,,,
KAH,2020,kah2001,32,1,BPLE,SNA,8,445,,14,W,22,15,,,INT201803,,,,,,
KAH,2020,kah2001,32,1,BPLE,SNA,9,446,,7,W,22,8,,,INT201803,,,,,,
KAH,2020,kah2001,32,1,BPLE,SNA,10,447,,13,W,22,14,,,INT201803,,,,,,
KAH,2020,kah2001,32,1,BPLE,SNA,11,448,,6,W,22,7,,,INT201803,,,,,,
KAH,2020,kah2001,32,1,BPLE,SNA,12,449,,5,W,22,6,,,INT201803,,,,,,
KAH,2020,kah2001,32,1,BPLE,SNA,13,450,,8,W,22,9,,,INT201803,,,,,,
KAH,2020,kah2001,32,1,BPLE,SNA,15,451,,5,W,22,6,,,INT201803,,,,,,
KAH,2020,kah2001,32,1,BPLE,SNA,16,452,,15,W,22,16,,,INT201803,,,,,,
KAH,2020,kah2001,32,1,BPLE,SNA,17,453,,15,W,22,16,,,INT201803,,,,,,
KAH,2020,kah2001,32,1,BPLE,SNA,18,454,,18,W,22,19,,,INT201803,,,,,,
KAH,2020,kah2001,32,1,BPLE,SNA,19,455,,7,W,22,8,,,INT201803,,,,,,
KAH,2020,kah2001,32,1,BPLE,SNA,20,456,,17,W,22,18,,,INT201803,,,,,,
KAH,2020,kah2001,33,1,BPLE,SNA,2,457,,7,W,22,8,,,INT201803,,,,,,
KAH,2020,kah2001,33,1,BPLE,SNA,3,458,,4,W,22,5,,,INT201803,,,,,,
KAH,2020,kah2001,33,1,BPLE,SNA,5,459,,11,W,22,12,,,INT201803,,,,,,
KAH,2020,kah2001,33,1,BPLE,SNA,6,460,,17,W,22,18,,,INT201803,,,,,,
KAH,2020,kah2001,33,1,BPLE,SNA,7,461,,19,W,22,20,,,INT201803,,,,,,
KAH,2020,kah2001,33,1,BPLE,SNA,10,462,,3,W,22,4,,,INT201803,,,,,,
KAH,2020,kah2001,33,1,BPLE,SNA,11,463,,3,W,22,4,,,INT201803,,,,,,
KAH,2020,kah2001,33,1,BPLE,SNA,13,464,,8,W,22,9,,,INT201803,,,,,,
KAH,2020,kah2001,33,1,BPLE,SNA,14,465,,11,W,22,12,,,INT201803,,,,,,
KAH,2020,kah2001,33,1,BPLE,SNA,15,466,,12,W,22,13,,,INT201803,,,,,,
KAH,2020,kah2001,33,1,BPLE,SNA,16,467,,12,W,22,13,,,INT201803,,,,,,
KAH,2020,kah2001,33,1,BPLE,SNA,17,468,,15,W,22,16,,,INT201803,,,,,,
KAH,2020,kah2001,33,1,BPLE,SNA,18,469,,5,W,22,6,,,INT201803,,,,,,
KAH,2020,kah2001,33,1,BPLE,SNA,19,470,,6,W,22,7,,,INT201803,,,,,,
KAH,2020,kah2001,33,1,BPLE,SNA,20,471,,3,W,22,4,,,INT201803,,,,,,
KAH,2020,kah2001,33,1,BPLE,SNA,21,472,,14,W,22,15,,,INT201803,,,,,,
KAH,2020,kah2001,33,1,BPLE,SNA,22,473,,3,W,22,4,,,INT201803,,,,,,
KAH,2020,kah2001,34,1,BPLE,SNA,2,474,,13,W,22,14,,,INT201803,,,,,,
KAH,2020,kah2001,34,1,BPLE,SNA,3,475,,11,W,22,12,,,INT201803,,,,,,
KAH,2020,kah2001,34,1,BPLE,SNA,4,476,,8,W,22,9,,,INT201803,,,,,,
KAH,2020,kah2001,34,1,BPLE,SNA,6,477,,4,W,22,5,,,INT201803,,,,,,
KAH,2020,kah2001,34,1,BPLE,SNA,10,478,,19,W,22,20,,,INT201803,,,,,,
KAH,2020,kah2001,34,1,BPLE,SNA,11,479,,3,W,22,4,,,INT201803,,,,,,
KAH,2020,kah2001,34,1,BPLE,SNA,12,480,,3,W,22,4,,,INT201803,,,,,,
KAH,2020,kah2001,35,1,BPLE,SNA,1,481,,8,W,22,9,,,INT201803,,,,,,
KAH,2020,kah2001,35,1,BPLE,SNA,2,482,,15,W,22,16,,,INT201803,,,,,,
KAH,2020,kah2001,35,1,BPLE,SNA,3,483,,5,W,22,6,,,INT201803,,,,,,
KAH,2020,kah2001,35,1,BPLE,SNA,6,484,,12,W,22,13,,,INT201803,,,,,,
KAH,2020,kah2001,36,1,BPLE,SNA,1,485,,3,W,22,4,,,INT201803,,,,,,
KAH,2020,kah2001,36,1,BPLE,SNA,3,486,,5,W,22,6,,,INT201803,,,,,,
KAH,2020,kah2001,37,1,BPLE,SNA,2,487,,16,W,22,17,,,INT201803,,,,,,
KAH,2020,kah2001,37,1,BPLE,SNA,3,488,,7,W,22,8,,,INT201803,,,,,,
KAH,2020,kah2001,37,1,BPLE,SNA,4,489,,2,W,22,3,,,INT201803,,,,,,
KAH,2020,kah2001,37,1,BPLE,SNA,5,490,,6,W,22,7,,,INT201803,,,,,,
KAH,2020,kah2001,37,1,BPLE,SNA,6,491,,12,W,22,13,,,INT201803,,,,,,
KAH,2020,kah2001,37,1,BPLE,SNA,9,492,,16,W,22,17,,,INT201803,,,,,,
KAH,2020,kah2001,37,1,BPLE,SNA,11,493,,17,W,22,18,,,INT201803,,,,,,
KAH,2020,kah2001,37,1,BPLE,SNA,13,494,,13,W,22,14,,,INT201803,,,,,,
KAH,2020,kah2001,37,1,BPLE,SNA,14,495,,6,W,22,7,,,INT201803,,,,,,
KAH,2020,kah2001,37,1,BPLE,SNA,17,496,,20,W,22,21,,,INT201803,,,,,,
KAH,2020,kah2001,38,1,BPLE,SNA,2,497,,15,W,22,16,,,INT201803,,,,,,
KAH,2020,kah2001,39,1,BPLE,SNA,1,498,,13,W,22,14,,,INT201803,,,,,,
KAH,2020,kah2001,39,1,BPLE,SNA,4,499,,5,W,22,6,,,INT201803,,,,,,
KAH,2020,kah2001,39,1,BPLE,SNA,5,500,,8,W,22,9,,,INT201803,,,,,,
KAH,2020,kah2001,39,1,BPLE,SNA,8,501,,7,W,22,8,,,INT201803,,,,,,
KAH,2020,kah2001,39,1,BPLE,SNA,10,502,,5,W,22,6,,,INT201803,,,,,,
KAH,2020,kah2001,39,1,BPLE,SNA,11,503,,8,W,22,9,,,INT201803,,,,,,
KAH,2020,kah2001,39,1,BPLE,SNA,13,504,,7,W,22,8,,,INT201803,,,,,,
KAH,2020,kah2001,39,1,BPLE,SNA,14,505,,7,W,22,8,,,INT201803,,,,,,
KAH,2020,kah2001,39,1,BPLE,SNA,16,506,,8,W,22,9,,,INT201803,,,,,,
KAH,2020,kah2001,39,1,BPLE,SNA,19,507,,7,W,22,8,,,INT201803,,,,,,
KAH,2020,kah2001,39,1,BPLE,SNA,20,508,,5,W,22,6,,,INT201803,,,,,,
KAH,2020,kah2001,39,1,BPLE,SNA,21,509,,20,W,22,21,,,INT201803,,,,,,
KAH,2020,kah2001,39,1,BPLE,SNA,22,510,,2,W,22,3,,,INT201803,,,,,,
KAH,2020,kah2001,39,1,BPLE,SNA,23,511,,0,W,22,1,,,INT201803,,,,,,
KAH,2020,kah2001,40,1,BPLE,SNA,2,512,,7,W,22,8,,,INT201803,,,,,,
KAH,2020,kah2001,40,1,BPLE,SNA,5,513,,8,W,22,9,,,INT201803,,,,,,
KAH,2020,kah2001,40,1,BPLE,SNA,7,514,,11,W,22,12,,,INT201803,,,,,,
KAH,2020,kah2001,40,1,BPLE,SNA,8,515,,12,W,22,13,,,INT201803,,,,,,
KAH,2020,kah2001,41,1,BPLE,SNA,1,516,,12,W,22,13,,,INT201803,,,,,,
KAH,2020,kah2001,41,1,BPLE,SNA,2,517,,5,W,22,6,,,INT201803,,,,,,
KAH,2020,kah2001,41,1,BPLE,SNA,7,518,,6,W,22,7,,,INT201803,,,,,,
KAH,2020,kah2001,41,1,BPLE,SNA,8,519,,9,W,22,10,,,INT201803,,,,,,
KAH,2020,kah2001,41,1,BPLE,SNA,10,520,,6,W,22,7,,,INT201803,,,,,,
KAH,2020,kah2001,41,1,BPLE,SNA,13,521,,6,W,22,7,,,INT201803,,,,,,
KAH,2020,kah2001,41,1,BPLE,SNA,14,522,,3,W,22,4,,,INT201803,,,,,,
KAH,2020,kah2001,41,1,BPLE,SNA,16,523,,9,W,22,10,,,INT201803,,,,,,
KAH,2020,kah2001,42,1,BPLE,SNA,1,524,,7,W,22,8,,,INT201803,,,,,,
KAH,2020,kah2001,42,1,BPLE,SNA,2,525,,7,W,22,8,,,INT201803,,,,,,
KAH,2020,kah2001,42,1,BPLE,SNA,3,526,,10,W,22,11,,,INT201803,,,,,,
KAH,2020,kah2001,42,1,BPLE,SNA,4,527,,9,W,22,10,,,INT201803,,,,,,
KAH,2020,kah2001,42,1,BPLE,SNA,5,528,,9,W,22,10,,,INT201803,,,,,,
KAH,2020,kah2001,42,1,BPLE,SNA,6,529,,4,W,22,5,,,INT201803,,,,,,
KAH,2020,kah2001,42,1,BPLE,SNA,7,530,,6,W,22,7,,,INT201803,,,,,,
KAH,2020,kah2001,42,1,BPLE,SNA,8,531,,10,W,22,11,,,INT201803,,,,,,
KAH,2020,kah2001,42,1,BPLE,SNA,9,532,,16,W,22,17,,,INT201803,,,,,,
KAH,2020,kah2001,42,1,BPLE,SNA,10,533,,12,W,22,13,,,INT201803,,,,,,
KAH,2020,kah2001,42,1,BPLE,SNA,13,534,,5,W,22,6,,,INT201803,,,,,,
KAH,2020,kah2001,42,1,BPLE,SNA,14,535,,6,W,22,7,,,INT201803,,,,,,
KAH,2020,kah2001,42,1,BPLE,SNA,15,536,,11,W,22,12,,,INT201803,,,,,,
KAH,2020,kah2001,43,1,BPLE,SNA,1,537,,12,W,22,13,,,INT201803,,,,,,
KAH,2020,kah2001,43,1,BPLE,SNA,2,538,,9,W,22,10,,,INT201803,,,,,,
KAH,2020,kah2001,43,1,BPLE,SNA,3,539,,6,W,22,7,,,INT201803,,,,,,
KAH,2020,kah2001,43,1,BPLE,SNA,5,540,,5,W,22,6,,,INT201803,,,,,,
KAH,2020,kah2001,43,1,BPLE,SNA,7,541,,16,W,22,17,,,INT201803,,,,,,
KAH,2020,kah2001,43,1,BPLE,SNA,8,542,,4,W,22,5,,,INT201803,,,,,,
KAH,2020,kah2001,43,1,BPLE,SNA,10,543,,3,W,22,4,,,INT201803,,,,,,
KAH,2020,kah2001,43,1,BPLE,SNA,11,544,,1,W,22,2,,,INT201803,,,,,,
KAH,2020,kah2001,43,1,BPLE,SNA,13,545,,7,W,22,8,,,INT201803,,,,,,
KAH,2020,kah2001,43,1,BPLE,SNA,15,546,,4,W,22,5,,,INT201803,,,,,,
KAH,2020,kah2001,43,1,BPLE,SNA,16,547,,3,W,22,4,,,INT201803,,,,,,
KAH,2020,kah2001,43,1,BPLE,SNA,17,548,,18,W,22,19,,,INT201803,,,,,,
KAH,2020,kah2001,43,1,BPLE,SNA,18,549,,4,W,22,5,,,INT201803,,,,,,
KAH,2020,kah2001,43,1,BPLE,SNA,21,550,,15,W,22,16,,,INT201803,,,,,,
KAH,2020,kah2001,43,1,BPLE,SNA,22,551,,1,W,22,2,,,INT201803,,,,,,
KAH,2020,kah2001,43,1,BPLE,SNA,23,552,,3,W,22,4,,,INT201803,,,,,,
KAH,2020,kah2001,44,1,BPLE,SNA,2,553,,17,W,22,18,,,INT201803,,,,,,
KAH,2020,kah2001,44,1,BPLE,SNA,7,554,,11,W,22,12,,,INT201803,,,,,,
KAH,2020,kah2001,44,1,BPLE,SNA,8,555,,7,W,22,8,,,INT201803,,,,,,
KAH,2020,kah2001,44,1,BPLE,SNA,10,556,,11,W,22,12,,,INT201803,,,,,,
KAH,2020,kah2001,44,1,BPLE,SNA,11,557,,9,W,22,10,,,INT201803,,,,,,
KAH,2020,kah2001,44,1,BPLE,SNA,12,558,,13,W,22,14,,,INT201803,,,,,,
KAH,2020,kah2001,44,1,BPLE,SNA,14,559,,4,W,22,5,,,INT201803,,,,,,
KAH,2020,kah2001,44,1,BPLE,SNA,15,560,,16,W,22,17,,,INT201803,,,,,,
KAH,2020,kah2001,44,1,BPLE,SNA,16,561,,7,W,22,8,,,INT201803,,,,,,
KAH,2020,kah2001,44,1,BPLE,SNA,17,562,,3,W,22,4,,,INT201803,,,,,,
KAH,2020,kah2001,44,1,BPLE,SNA,18,563,,4,W,22,5,,,INT201803,,,,,,
KAH,2020,kah2001,44,1,BPLE,SNA,19,564,,1,W,22,2,,,INT201803,,,,,,
KAH,2020,kah2001,44,1,BPLE,SNA,20,565,,1,W,22,2,,,INT201803,,,,,,
KAH,2020,kah2001,44,1,BPLE,SNA,21,566,,1,W,22,2,,,INT201803,,,,,,
KAH,2020,kah2001,44,1,BPLE,SNA,22,567,,1,W,22,2,,,INT201803,,,,,,
KAH,2020,kah2001,44,1,BPLE,SNA,23,568,,1,W,22,2,,,INT201803,,,,,,
KAH,2020,kah2001,44,1,BPLE,SNA,24,569,,1,W,22,2,,,INT201803,,,,,,
KAH,2020,kah2001,44,1,BPLE,SNA,25,570,,18,W,22,19,,,INT201803,,,,,,
KAH,2020,kah2001,45,1,BPLE,SNA,2,571,,10,W,22,11,,,INT201803,,,,,,
KAH,2020,kah2001,45,1,BPLE,SNA,5,572,,4,W,22,5,,,INT201803,,,,,,
KAH,2020,kah2001,45,1,BPLE,SNA,8,573,,2,W,22,3,,,INT201803,,,,,,
KAH,2020,kah2001,45,1,BPLE,SNA,9,574,,4,W,22,5,,,INT201803,,,,,,
KAH,2020,kah2001,45,1,BPLE,SNA,10,575,,2,W,22,3,,,INT201803,,,,,,
KAH,2020,kah2001,45,1,BPLE,SNA,11,576,,4,W,22,5,,,INT201803,,,,,,
KAH,2020,kah2001,45,1,BPLE,SNA,13,577,,10,W,22,11,,,INT201803,,,,,,
KAH,2020,kah2001,45,1,BPLE,SNA,14,578,,17,W,22,18,,,INT201803,,,,,,
KAH,2020,kah2001,45,1,BPLE,SNA,15,579,,4,W,22,5,,,INT201803,,,,,,
KAH,2020,kah2001,45,1,BPLE,SNA,20,580,,3,W,22,4,,,INT201803,,,,,,
KAH,2020,kah2001,45,1,BPLE,SNA,21,581,,19,W,22,20,,,INT201803,,,,,,
KAH,2020,kah2001,45,1,BPLE,SNA,22,582,,1,W,22,2,,,INT201803,,,,,,
KAH,2020,kah2001,45,1,BPLE,SNA,23,583,,1,W,22,2,,,INT201803,,,,,,
KAH,2020,kah2001,46,1,BPLE,SNA,2,584,,6,W,22,7,,,INT201803,,,,,,
KAH,2020,kah2001,46,1,BPLE,SNA,4,585,,4,W,22,5,,,INT201803,,,,,,
KAH,2020,kah2001,46,1,BPLE,SNA,5,586,,4,W,22,5,,,INT201803,,,,,,
KAH,2020,kah2001,46,1,BPLE,SNA,7,587,,2,W,22,3,,,INT201803,,,,,,
KAH,2020,kah2001,46,1,BPLE,SNA,8,588,,3,W,22,4,,,INT201803,,,,,,
KAH,2020,kah2001,46,1,BPLE,SNA,11,589,,5,W,22,6,,,INT201803,,,,,,
KAH,2020,kah2001,46,1,BPLE,SNA,12,590,,1,W,22,2,,,INT201803,,,,,,
KAH,2020,kah2001,46,1,BPLE,SNA,13,591,,1,W,22,2,,,INT201803,,,,,,
KAH,2020,kah2001,46,1,BPLE,SNA,14,592,,0,W,22,1,,,INT201803,,,,,,
KAH,2020,kah2001,46,1,BPLE,SNA,15,593,,0,W,22,1,,,INT201803,,,,,,
KAH,2020,kah2001,46,1,BPLE,SNA,16,594,,0,W,22,1,,,INT201803,,,,,,
KAH,2020,kah2001,46,1,BPLE,SNA,17,595,,0,W,22,1,,,INT201803,,,,,,
KAH,2020,kah2001,46,1,BPLE,SNA,18,596,,0,W,22,1,,,INT201803,,,,,,
KAH,2020,kah2001,46,1,BPLE,SNA,19,597,,0,W,22,1,,,INT201803,,,,,,
KAH,2020,kah2001,46,1,BPLE,SNA,20,598,,0,W,22,1,,,INT201803,,,,,,
KAH,2020,kah2001,46,1,BPLE,SNA,21,599,,0,W,22,1,,,INT201803,,,,,,
KAH,2020,kah2001,46,1,BPLE,SNA,22,600,,1,W,22,2,,,INT201803,,,,,,
KAH,2020,kah2001,46,1,BPLE,SNA,23,601,,0,W,22,1,,,INT201803,,,,,,
KAH,2020,kah2001,47,1,BPLE,SNA,1,602,,4,W,22,5,,,INT201803,,,,,,
KAH,2020,kah2001,47,1,BPLE,SNA,3,603,,10,W,22,11,,,INT201803,,,,,,
KAH,2020,kah2001,47,1,BPLE,SNA,5,604,,3,W,22,4,,,INT201803,,,,,,
KAH,2020,kah2001,47,1,BPLE,SNA,6,605,,2,W,22,3,,,INT201803,,,,,,
KAH,2020,kah2001,47,1,BPLE,SNA,7,606,,4,W,22,5,,,INT201803,,,,,,
KAH,2020,kah2001,47,1,BPLE,SNA,8,607,,1,W,22,2,,,INT201803,,,,,,
KAH,2020,kah2001,47,1,BPLE,SNA,10,608,,1,W,22,2,,,INT201803,,,,,,
KAH,2020,kah2001,47,1,BPLE,SNA,11,609,,1,W,22,2,,,INT201803,,,,,,
KAH,2020,kah2001,47,1,BPLE,SNA,12,610,,1,W,22,2,,,INT201803,,,,,,
KAH,2020,kah2001,47,1,BPLE,SNA,13,611,,1,W,22,2,,,INT201803,,,,,,
KAH,2020,kah2001,47,1,BPLE,SNA,14,612,,1,W,22,2,,,INT201803,,,,,,
KAH,2020,kah2001,47,1,BPLE,SNA,15,613,,1,W,22,2,,,INT201803,,,,,,
KAH,2020,kah2001,47,1,BPLE,SNA,16,614,,1,W,22,2,,,INT201803,,,,,,
KAH,2020,kah2001,47,1,BPLE,SNA,17,615,,0,W,22,1,,,INT201803,,,,,,
KAH,2020,kah2001,47,1,BPLE,SNA,18,616,,0,W,22,1,,,INT201803,,,,,,
KAH,2020,kah2001,47,1,BPLE,SNA,20,617,,0,W,22,1,,,INT201803,,,,,,
KAH,2020,kah2001,47,1,BPLE,SNA,21,618,,0,W,22,1,,,INT201803,,,,,,
KAH,2020,kah2001,47,1,BPLE,SNA,22,619,,1,W,22,2,,,INT201803,,,,,,
KAH,2020,kah2001,47,1,BPLE,SNA,23,620,,0,W,22,1,,,INT201803,,,,,,
KAH,2020,kah2001,47,1,BPLE,SNA,24,621,,0,W,22,1,,,INT201803,,,,,,
KAH,2020,kah2001,47,1,BPLE,SNA,25,622,,0,W,22,1,,,INT201803,,,,,,
KAH,2020,kah2001,47,1,BPLE,SNA,26,623,,0,W,22,1,,,INT201803,,,,,,
KAH,2020,kah2001,48,1,BPLE,SNA,1,624,,6,W,22,7,,,INT201803,,,,,,
KAH,2020,kah2001,48,1,BPLE,SNA,16,625,,1,W,22,2,,,INT201803,,,,,,
KAH,2020,kah2001,48,1,BPLE,SNA,17,626,,0,W,22,1,,,INT201803,,,,,,
KAH,2020,kah2001,48,1,BPLE,SNA,18,627,,0,W,22,1,,,INT201803,,,,,,
KAH,2020,kah2001,48,1,BPLE,SNA,19,628,,0,W,22,1,,,INT201803,,,,,,
KAH,2020,kah2001,48,1,BPLE,SNA,20,629,,0,W,22,1,,,INT201803,,,,,,
KAH,2020,kah2001,49,1,BPLE,SNA,1,630,,4,W,22,5,,,INT201803,,,,,,
KAH,2020,kah2001,49,1,BPLE,SNA,3,631,,19,W,22,20,,,INT201803,,,,,,
KAH,2020,kah2001,49,1,BPLE,SNA,6,632,,9,W,22,10,,,INT201803,,,,,,
KAH,2020,kah2001,49,1,BPLE,SNA,8,633,,4,W,22,5,,,INT201803,,,,,,
KAH,2020,kah2001,49,1,BPLE,SNA,12,634,,3,W,22,4,,,INT201803,,,,,,
KAH,2020,kah2001,49,1,BPLE,SNA,15,635,,4,W,22,5,,,INT201803,,,,,,
KAH,2020,kah2001,49,1,BPLE,SNA,16,636,,1,W,22,2,,,INT201803,,,,,,
KAH,2020,kah2001,49,1,BPLE,SNA,17,637,,1,W,22,2,,,INT201803,,,,,,
KAH,2020,kah2001,49,1,BPLE,SNA,18,638,,0,W,22,1,,,INT201803,,,,,,
KAH,2020,kah2001,49,1,BPLE,SNA,19,639,,1,W,22,2,,,INT201803,,,,,,
KAH,2020,kah2001,49,1,BPLE,SNA,20,640,,1,W,22,2,,,INT201803,,,,,,
KAH,2020,kah2001,49,1,BPLE,SNA,21,641,,0,W,22,1,,,INT201803,,,,,,
KAH,2020,kah2001,49,1,BPLE,SNA,22,642,,0,W,22,1,,,INT201803,,,,,,
KAH,2020,kah2001,49,1,BPLE,SNA,23,643,,0,W,22,1,,,INT201803,,,,,,
KAH,2020,kah2001,49,1,BPLE,SNA,24,644,,0,W,22,1,,,INT201803,,,,,,
KAH,2020,kah2001,49,1,BPLE,SNA,25,645,,1,W,22,2,,,INT201803,,,,,,
KAH,2020,kah2001,49,1,BPLE,SNA,26,646,,0,W,22,1,,,INT201803,,,,,,
KAH,2020,kah2001,50,1,BPLE,SNA,1,647,,4,W,22,5,,,INT201803,,,,,,
KAH,2020,kah2001,50,1,BPLE,SNA,4,648,,7,W,22,8,,,INT201803,,,,,,
KAH,2020,kah2001,50,1,BPLE,SNA,8,649,,5,W,22,6,,,INT201803,,,,,,
KAH,2020,kah2001,50,1,BPLE,SNA,9,650,,4,W,22,5,,,INT201803,,,,,,
KAH,2020,kah2001,50,1,BPLE,SNA,10,651,,7,W,22,8,,,INT201803,,,,,,
KAH,2020,kah2001,50,1,BPLE,SNA,11,652,,4,W,22,5,,,INT201803,,,,,,
KAH,2020,kah2001,50,1,BPLE,SNA,12,653,,17,W,22,18,,,INT201803,,,,,,
KAH,2020,kah2001,50,1,BPLE,SNA,13,654,,7,W,22,8,,,INT201803,,,,,,
KAH,2020,kah2001,50,1,BPLE,SNA,14,655,,1,W,22,2,,,INT201803,,,,,,
KAH,2020,kah2001,50,1,BPLE,SNA,15,656,,0,W,22,1,,,INT201803,,,,,,
KAH,2020,kah2001,50,1,BPLE,SNA,16,657,,0,W,22,1,,,INT201803,,,,,,
KAH,2020,kah2001,50,1,BPLE,SNA,17,658,,0,W,22,1,,,INT201803,,,,,,
KAH,2020,kah2001,50,1,BPLE,SNA,18,659,,1,W,22,2,,,INT201803,,,,,,
KAH,2020,kah2001,50,1,BPLE,SNA,19,660,,0,W,22,1,,,INT201803,,,,,,
KAH,2020,kah2001,50,1,BPLE,SNA,20,661,,0,W,22,1,,,INT201803,,,,,,
KAH,2020,kah2001,50,1,BPLE,SNA,21,662,,0,W,22,1,,,INT201803,,,,,,
KAH,2020,kah2001,50,1,BPLE,SNA,22,663,,0,W,22,1,,,INT201803,,,,,,
KAH,2020,kah2001,50,1,BPLE,SNA,23,664,,1,W,22,2,,,INT201803,,,,,,
KAH,2020,kah2001,51,1,BPLE,SNA,1,665,,11,W,22,12,,,INT201803,,,,,,
KAH,2020,kah2001,51,1,BPLE,SNA,2,666,,9,W,22,10,,,INT201803,,,,,,
KAH,2020,kah2001,51,1,BPLE,SNA,5,667,,6,W,22,7,,,INT201803,,,,,,
KAH,2020,kah2001,51,1,BPLE,SNA,10,668,,7,W,22,8,,,INT201803,,,,,,
KAH,2020,kah2001,51,1,BPLE,SNA,11,669,,14,W,22,15,,,INT201803,,,,,,
KAH,2020,kah2001,51,1,BPLE,SNA,12,670,,9,W,22,10,,,INT201803,,,,,,
KAH,2020,kah2001,51,1,BPLE,SNA,14,671,,11,W,22,12,,,INT201803,,,,,,
KAH,2020,kah2001,51,1,BPLE,SNA,15,672,,2,W,22,3,,,INT201803,,,,,,
KAH,2020,kah2001,51,1,BPLE,SNA,20,673,,9,W,22,10,,,INT201803,,,,,,
KAH,2020,kah2001,51,1,BPLE,SNA,21,674,,19,W,22,20,,,INT201803,,,,,,
KAH,2020,kah2001,51,1,BPLE,SNA,23,675,,12,W,22,13,,,INT201803,,,,,,
KAH,2020,kah2001,52,1,BPLE,SNA,2,676,,4,W,22,5,,,INT201803,,,,,,
KAH,2020,kah2001,52,1,BPLE,SNA,4,677,,7,W,22,8,,,INT201803,,,,,,
KAH,2020,kah2001,52,1,BPLE,SNA,5,678,,10,W,22,11,,,INT201803,,,,,,
KAH,2020,kah2001,52,1,BPLE,SNA,6,679,,4,W,22,5,,,INT201803,,,,,,
KAH,2020,kah2001,52,1,BPLE,SNA,7,680,,16,W,22,17,,,INT201803,,,,,,
KAH,2020,kah2001,52,1,BPLE,SNA,8,681,,11,W,22,12,,,INT201803,,,,,,
KAH,2020,kah2001,52,1,BPLE,SNA,18,682,,4,W,22,5,,,INT201803,,,,,,
KAH,2020,kah2001,52,1,BPLE,SNA,19,683,,13,W,22,14,,,INT201803,,,,,,
KAH,2020,kah2001,52,1,BPLE,SNA,20,684,,11,W,22,12,,,INT201803,,,,,,
KAH,2020,kah2001,52,1,BPLE,SNA,21,685,,11,W,22,12,,,INT201803,,,,,,
KAH,2020,kah2001,52,1,BPLE,SNA,22,686,,7,W,22,8,,,INT201803,,,,,,
KAH,2020,kah2001,53,1,BPLE,SNA,1,687,,2,W,22,3,,,INT201803,,,,,,
KAH,2020,kah2001,53,1,BPLE,SNA,2,688,,7,W,22,8,,,INT201803,,,,,,
KAH,2020,kah2001,53,1,BPLE,SNA,6,689,,7,W,22,8,,,INT201803,,,,,,
KAH,2020,kah2001,53,1,BPLE,SNA,7,690,,4,W,22,5,,,INT201803,,,,,,
KAH,2020,kah2001,53,1,BPLE,SNA,9,691,,1,W,22,2,,,INT201803,,,,,,
KAH,2020,kah2001,53,1,BPLE,SNA,10,692,,11,W,22,12,,,INT201803,,,,,,
KAH,2020,kah2001,53,1,BPLE,SNA,11,693,,14,W,22,15,,,INT201803,,,,,,
KAH,2020,kah2001,53,1,BPLE,SNA,12,694,,10,W,22,11,,,INT201803,,,,,,
KAH,2020,kah2001,53,1,BPLE,SNA,13,695,,3,W,22,4,,,INT201803,,,,,,
KAH,2020,kah2001,53,1,BPLE,SNA,14,696,,12,W,22,13,,,INT201803,,,,,,
KAH,2020,kah2001,53,1,BPLE,SNA,15,697,,2,W,22,3,,,INT201803,,,,,,
KAH,2020,kah2001,53,1,BPLE,SNA,16,698,,1,W,22,2,,,INT201803,,,,,,
KAH,2020,kah2001,53,1,BPLE,SNA,17,699,,0,W,22,1,,,INT201803,,,,,,
KAH,2020,kah2001,53,1,BPLE,SNA,18,700,,1,W,22,2,,,INT201803,,,,,,
KAH,2020,kah2001,53,1,BPLE,SNA,19,701,,0,W,22,1,,,INT201803,,,,,,
KAH,2020,kah2001,53,1,BPLE,SNA,20,702,,0,W,22,1,,,INT201803,,,,,,
,,,,,,,,,,,,,,,,,,,,,,
,,,,,,,,,,,,,,,,,,,,,,
,,,,,,,,,,,,,,,,,,,,,,
,,,,,,,,,,,,,,,,,,,,,,
,,,,,,,,,,,,,,,,,,,,,,
,,,,,,,,,,,,,,,,,,,,,,
,,,,,,,,,,,,,,,,,,,,,,
,,,,,,,,,,,,,,,,,,,,,,
,,,,,,,,,,,,,,,,,,,,,,
,,,,,,,,,,,,,,,,,,,,,,
,,,,,,,,,,,,,,,,,,,,,,
,,,,,,,,,,,,,,,,,,,,,,
,,,,,,,,,,,,,,,,,,,,,,
,,,,,,,,,,,,,,,,,,,,,,
,,,,,,,,,,,,,,,,,,,,,,
,,,,,,,,,,,,,,,,,,,,,,
,,,,,,,,,,,,,,,,,,,,,,
,,,,,,,,,,,,,,,,,,,,,,
,,,,,,,,,,,,,,,,,,,,,,
,,,,,,,,,,,,,,,,,,,,,,
,,,,,,,,,,,,,,,,,,,,,,
,,,,,,,,,,,,,,,,,,,,,,
,,,,,,,,,,,,,,,,,,,,,,
,,,,,,,,,,,,,,,,,,,,,,
,,,,,,,,,,,,,,,,,,,,,,
,,,,,,,,,,,,,,,,,,,,,,
,,,,,,,,,,,,,,,,,,,,,,
,,,,,,,,,,,,,,,,,,,,,,
,,,,,,,,,,,,,,,,,,,,,,
,,,,,,,,,,,,,,,,,,,,,,
,,,,,,,,,,,,,,,,,,,,,,
,,,,,,,,,,,,,,,,,,,,,,
,,,,,,,,,,,,,,,,,,,,,,
,,,,,,,,,,,,,,,,,,,,,,
,,,,,,,,,,,,,,,,,,,,,,
,,,,,,,,,,,,,,,,,,,,,,
,,,,,,,,,,,,,,,,,,,,,,
,,,,,,,,,,,,,,,,,,,,,,
,,,,,,,,,,,,,,,,,,,,,,
,,,,,,,,,,,,,,,,,,,,,,
,,,,,,,,,,,,,,,,,,,,,,
,,,,,,,,,,,,,,,,,,,,,,
,,,,,,,,,,,,,,,,,,,,,,
,,,,,,,,,,,,,,,,,,,,,,
,,,,,,,,,,,,,,,,,,,,,,
,,,,,,,,,,,,,,,,,,,,,,
,,,,,,,,,,,,,,,,,,,,,,
,,,,,,,,,,,,,,,,,,,,,,
,,,,,,,,,,,,,,,,,,,,,,
,,,,,,,,,,,,,,,,,,,,,,
,,,,,,,,,,,,,,,,,,,,,,
,,,,,,,,,,,,,,,,,,,,,,
,,,,,,,,,,,,,,,,,,,,,,
,,,,,,,,,,,,,,,,,,,,,,
,,,,,,,,,,,,,,,,,,,,,,
,,,,,,,,,,,,,,,,,,,,,,
,,,,,,,,,,,,,,,,,,,,,,
,,,,,,,,,,,,,,,,,,,,,,
,,,,,,,,,,,,,,,,,,,,,,
,,,,,,,,,,,,,,,,,,,,,,
,,,,,,,,,,,,,,,,,,,,,,
,,,,,,,,,,,,,,,,,,,,,,
,,,,,,,,,,,,,,,,,,,,,,
,,,,,,,,,,,,,,,,,,,,,,
,,,,,,,,,,,,,,,,,,,,,,
,,,,,,,,,,,,,,,,,,,,,,
,,,,,,,,,,,,,,,,,,,,,,
,,,,,,,,,,,,,,,,,,,,,,
,,,,,,,,,,,,,,,,,,,,,,
,,,,,,,,,,,,,,,,,,,,,,
,,,,,,,,,,,,,,,,,,,,,,
,,,,,,,,,,,,,,,,,,,,,,
,,,,,,,,,,,,,,,,,,,,,,
,,,,,,,,,,,,,,,,,,,,,,
,,,,,,,,,,,,,,,,,,,,,,
,,,,,,,,,,,,,,,,,,,,,,
,,,,,,,,,,,,,,,,,,,,,,
,,,,,,,,,,,,,,,,,,,,,,
,,,,,,,,,,,,,,,,,,,,,,
,,,,,,,,,,,,,,,,,,,,,,
,,,,,,,,,,,,,,,,,,,,,,
,,,,,,,,,,,,,,,,,,,,,,
,,,,,,,,,,,,,,,,,,,,,,
,,,,,,,,,,,,,,,,,,,,,,
,,,,,,,,,,,,,,,,,,,,,,
,,,,,,,,,,,,,,,,,,,,,,
,,,,,,,,,,,,,,,,,,,,,,
,,,,,,,,,,,,,,,,,,,,,,
,,,,,,,,,,,,,,,,,,,,,,
,,,,,,,,,,,,,,,,,,,,,,
,,,,,,,,,,,,,,,,,,,,,,
,,,,,,,,,,,,,,,,,,,,,,
,,,,,,,,,,,,,,,,,,,,,,
,,,,,,,,,,,,,,,,,,,,,,
,,,,,,,,,,,,,,,,,,,,,,
,,,,,,,,,,,,,,,,,,,,,,
,,,,,,,,,,,,,,,,,,,,,,
,,,,,,,,,,,,,,,,,,,,,,
,,,,,,,,,,,,,,,,,,,,,,
,,,,,,,,,,,,,,,,,,,,,,
,,,,,,,,,,,,,,,,,,,,,,
,,,,,,,,,,,,,,,,,,,,,,
,,,,,,,,,,,,,,,,,,,,,,
,,,,,,,,,,,,,,,,,,,,,,
,,,,,,,,,,,,,,,,,,,,,,
,,,,,,,,,,,,,,,,,,,,,,
,,,,,,,,,,,,,,,,,,,,,,
,,,,,,,,,,,,,,,,,,,,,,
,,,,,,,,,,,,,,,,,,,,,,
,,,,,,,,,,,,,,,,,,,,,,
,,,,,,,,,,,,,,,,,,,,,,
,,,,,,,,,,,,,,,,,,,,,,
,,,,,,,,,,,,,,,,,,,,,,
,,,,,,,,,,,,,,,,,,,,,,
,,,,,,,,,,,,,,,,,,,,,,
,,,,,,,,,,,,,,,,,,,,,,
,,,,,,,,,,,,,,,,,,,,,,
,,,,,,,,,,,,,,,,,,,,,,
,,,,,,,,,,,,,,,,,,,,,,
,,,,,,,,,,,,,,,,,,,,,,
,,,,,,,,,,,,,,,,,,,,,,
,,,,,,,,,,,,,,,,,,,,,,
,,,,,,,,,,,,,,,,,,,,,,
,,,,,,,,,,,,,,,,,,,,,,
,,,,,,,,,,,,,,,,,,,,,,
,,,,,,,,,,,,,,,,,,,,,,
,,,,,,,,,,,,,,,,,,,,,,
,,,,,,,,,,,,,,,,,,,,,,
,,,,,,,,,,,,,,,,,,,,,,
,,,,,,,,,,,,,,,,,,,,,,
,,,,,,,,,,,,,,,,,,,,,,
,,,,,,,,,,,,,,,,,,,,,,
,,,,,,,,,,,,,,,,,,,,,,
,,,,,,,,,,,,,,,,,,,,,,
,,,,,,,,,,,,,,,,,,,,,,
,,,,,,,,,,,,,,,,,,,,,,
,,,,,,,,,,,,,,,,,,,,,,
,,,,,,,,,,,,,,,,,,,,,,
,,,,,,,,,,,,,,,,,,,,,,
,,,,,,,,,,,,,,,,,,,,,,
,,,,,,,,,,,,,,,,,,,,,,
,,,,,,,,,,,,,,,,,,,,,,
,,,,,,,,,,,,,,,,,,,,,,
,,,,,,,,,,,,,,,,,,,,,,
,,,,,,,,,,,,,,,,,,,,,,
,,,,,,,,,,,,,,,,,,,,,,
,,,,,,,,,,,,,,,,,,,,,,
,,,,,,,,,,,,,,,,,,,,,,
,,,,,,,,,,,,,,,,,,,,,,
,,,,,,,,,,,,,,,,,,,,,,
,,,,,,,,,,,,,,,,,,,,,,
,,,,,,,,,,,,,,,,,,,,,,
,,,,,,,,,,,,,,,,,,,,,,
,,,,,,,,,,,,,,,,,,,,,,
,,,,,,,,,,,,,,,,,,,,,,
,,,,,,,,,,,,,,,,,,,,,,
,,,,,,,,,,,,,,,,,,,,,,
,,,,,,,,,,,,,,,,,,,,,,
,,,,,,,,,,,,,,,,,,,,,,
,,,,,,,,,,,,,,,,,,,,,,
,,,,,,,,,,,,,,,,,,,,,,
,,,,,,,,,,,,,,,,,,,,,,
,,,,,,,,,,,,,,,,,,,,,,
,,,,,,,,,,,,,,,,,,,,,,
,,,,,,,,,,,,,,,,,,,,,,
,,,,,,,,,,,,,,,,,,,,,,
,,,,,,,,,,,,,,,,,,,,,,
,,,,,,,,,,,,,,,,,,,,,,
,,,,,,,,,,,,,,,,,,,,,,
,,,,,,,,,,,,,,,,,,,,,,
,,,,,,,,,,,,,,,,,,,,,,
,,,,,,,,,,,,,,,,,,,,,,
,,,,,,,,,,,,,,,,,,,,,,
,,,,,,,,,,,,,,,,,,,,,,
,,,,,,,,,,,,,,,,,,,,,,
,,,,,,,,,,,,,,,,,,,,,,
,,,,,,,,,,,,,,,,,,,,,,
,,,,,,,,,,,,,,,,,,,,,,
,,,,,,,,,,,,,,,,,,,,,,
,,,,,,,,,,,,,,,,,,,,,,
,,,,,,,,,,,,,,,,,,,,,,
,,,,,,,,,,,,,,,,,,,,,,
,,,,,,,,,,,,,,,,,,,,,,
,,,,,,,,,,,,,,,,,,,,,,
,,,,,,,,,,,,,,,,,,,,,,
,,,,,,,,,,,,,,,,,,,,,,
,,,,,,,,,,,,,,,,,,,,,,
,,,,,,,,,,,,,,,,,,,,,,
,,,,,,,,,,,,,,,,,,,,,,
,,,,,,,,,,,,,,,,,,,,,,
,,,,,,,,,,,,,,,,,,,,,,
,,,,,,,,,,,,,,,,,,,,,,
,,,,,,,,,,,,,,,,,,,,,,
,,,,,,,,,,,,,,,,,,,,,,
,,,,,,,,,,,,,,,,,,,,,,
,,,,,,,,,,,,,,,,,,,,,,
,,,,,,,,,,,,,,,,,,,,,,
,,,,,,,,,,,,,,,,,,,,,,
,,,,,,,,,,,,,,,,,,,,,,
,,,,,,,,,,,,,,,,,,,,,,
,,,,,,,,,,,,,,,,,,,,,,
,,,,,,,,,,,,,,,,,,,,,,
,,,,,,,,,,,,,,,,,,,,,,
,,,,,,,,,,,,,,,,,,,,,,
,,,,,,,,,,,,,,,,,,,,,,
,,,,,,,,,,,,,,,,,,,,,,
,,,,,,,,,,,,,,,,,,,,,,
,,,,,,,,,,,,,,,,,,,,,,
,,,,,,,,,,,,,,,,,,,,,,
,,,,,,,,,,,,,,,,,,,,,,
,,,,,,,,,,,,,,,,,,,,,,
,,,,,,,,,,,,,,,,,,,,,,
,,,,,,,,,,,,,,,,,,,,,,
,,,,,,,,,,,,,,,,,,,,,,
,,,,,,,,,,,,,,,,,,,,,,
,,,,,,,,,,,,,,,,,,,,,,
,,,,,,,,,,,,,,,,,,,,,,
,,,,,,,,,,,,,,,,,,,,,,
,,,,,,,,,,,,,,,,,,,,,,
,,,,,,,,,,,,,,,,,,,,,,
,,,,,,,,,,,,,,,,,,,,,,
,,,,,,,,,,,,,,,,,,,,,,
,,,,,,,,,,,,,,,,,,,,,,
,,,,,,,,,,,,,,,,,,,,,,
,,,,,,,,,,,,,,,,,,,,,,
,,,,,,,,,,,,,,,,,,,,,,
,,,,,,,,,,,,,,,,,,,,,,
,,,,,,,,,,,,,,,,,,,,,,
,,,,,,,,,,,,,,,,,,,,,,
,,,,,,,,,,,,,,,,,,,,,,
,,,,,,,,,,,,,,,,,,,,,,
,,,,,,,,,,,,,,,,,,,,,,
,,,,,,,,,,,,,,,,,,,,,,
,,,,,,,,,,,,,,,,,,,,,,
,,,,,,,,,,,,,,,,,,,,,,
,,,,,,,,,,,,,,,,,,,,,,
,,,,,,,,,,,,,,,,,,,,,,
,,,,,,,,,,,,,,,,,,,,,,
,,,,,,,,,,,,,,,,,,,,,,
,,,,,,,,,,,,,,,,,,,,,,
,,,,,,,,,,,,,,,,,,,,,,
,,,,,,,,,,,,,,,,,,,,,,
,,,,,,,,,,,,,,,,,,,,,,
,,,,,,,,,,,,,,,,,,,,,,
,,,,,,,,,,,,,,,,,,,,,,
,,,,,,,,,,,,,,,,,,,,,,
,,,,,,,,,,,,,,,,,,,,,,
,,,,,,,,,,,,,,,,,,,,,,
,,,,,,,,,,,,,,,,,,,,,,
,,,,,,,,,,,,,,,,,,,,,,
,,,,,,,,,,,,,,,,,,,,,,
,,,,,,,,,,,,,,,,,,,,,,
,,,,,,,,,,,,,,,,,,,,,,
,,,,,,,,,,,,,,,,,,,,,,
,,,,,,,,,,,,,,,,,,,,,,
,,,,,,,,,,,,,,,,,,,,,,
,,,,,,,,,,,,,,,,,,,,,,
,,,,,,,,,,,,,,,,,,,,,,
,,,,,,,,,,,,,,,,,,,,,,
,,,,,,,,,,,,,,,,,,,,,,
,,,,,,,,,,,,,,,,,,,,,,
,,,,,,,,,,,,,,,,,,,,,,
,,,,,,,,,,,,,,,,,,,,,,
,,,,,,,,,,,,,,,,,,,,,,
,,,,,,,,,,,,,,,,,,,,,,
,,,,,,,,,,,,,,,,,,,,,,
,,,,,,,,,,,,,,,,,,,,,,
,,,,,,,,,,,,,,,,,,,,,,
,,,,,,,,,,,,,,,,,,,,,,
,,,,,,,,,,,,,,,,,,,,,,
,,,,,,,,,,,,,,,,,,,,,,
,,,,,,,,,,,,,,,,,,,,,,
,,,,,,,,,,,,,,,,,,,,,,
,,,,,,,,,,,,,,,,,,,,,,
,,,,,,,,,,,,,,,,,,,,,,
,,,,,,,,,,,,,,,,,,,,,,
,,,,,,,,,,,,,,,,,,,,,,
,,,,,,,,,,,,,,,,,,,,,,
,,,,,,,,,,,,,,,,,,,,,,
,,,,,,,,,,,,,,,,,,,,,,
,,,,,,,,,,,,,,,,,,,,,,
,,,,,,,,,,,,,,,,,,,,,,
,,,,,,,,,,,,,,,,,,,,,,
,,,,,,,,,,,,,,,,,,,,,,
,,,,,,,,,,,,,,,,,,,,,,
,,,,,,,,,,,,,,,,,,,,,,
,,,,,,,,,,,,,,,,,,,,,,
,,,,,,,,,,,,,,,,,,,,,,
,,,,,,,,,,,,,,,,,,,,,,
,,,,,,,,,,,,,,,,,,,,,,
,,,,,,,,,,,,,,,,,,,,,,
,,,,,,,,,,,,,,,,,,,,,,
,,,,,,,,,,,,,,,,,,,,,,
,,,,,,,,,,,,,,,,,,,,,,
,,,,,,,,,,,,,,,,,,,,,,
,,,,,,,,,,,,,,,,,,,,,,
,,,,,,,,,,,,,,,,,,,,,,
,,,,,,,,,,,,,,,,,,,,,,
,,,,,,,,,,,,,,,,,,,,,,
,,,,,,,,,,,,,,,,,,,,,,
,,,,,,,,,,,,,,,,,,,,,,
,,,,,,,,,,,,,,,,,,,,,,
,,,,,,,,,,,,,,,,,,,,,,
,,,,,,,,,,,,,,,,,,,,,,
,,,,,,,,,,,,,,,,,,,,,,
,,,,,,,,,,,,,,,,,,,,,,
,,,,,,,,,,,,,,,,,,,,,,
,,,,,,,,,,,,,,,,,,,,,,
,,,,,,,,,,,,,,,,,,,,,,
,,,,,,,,,,,,,,,,,,,,,,
,,,,,,,,,,,,,,,,,,,,,,
,,,,,,,,,,,,,,,,,,,,,,
,,,,,,,,,,,,,,,,,,,,,,
,,,,,,,,,,,,,,,,,,,,,,
,,,,,,,,,,,,,,,,,,,,,,
,,,,,,,,,,,,,,,,,,,,,,
,,,,,,,,,,,,,,,,,,,,,,
,,,,,,,,,,,,,,,,,,,,,,
,,,,,,,,,,,,,,,,,,,,,,
,,,,,,,,,,,,,,,,,,,,,,
,,,,,,,,,,,,,,,,,,,,,,
,,,,,,,,,,,,,,,,,,,,,,
,,,,,,,,,,,,,,,,,,,,,,
,,,,,,,,,,,,,,,,,,,,,,
,,,,,,,,,,,,,,,,,,,,,,
,,,,,,,,,,,,,,,,,,,,,,
,,,,,,,,,,,,,,,,,,,,,,
,,,,,,,,,,,,,,,,,,,,,,
,,,,,,,,,,,,,,,,,,,,,,
,,,,,,,,,,,,,,,,,,,,,,
,,,,,,,,,,,,,,,,,,,,,,
,,,,,,,,,,,,,,,,,,,,,,
,,,,,,,,,,,,,,,,,,,,,,
,,,,,,,,,,,,,,,,,,,,,,
,,,,,,,,,,,,,,,,,,,,,,
,,,,,,,,,,,,,,,,,,,,,,
,,,,,,,,,,,,,,,,,,,,,,
,,,,,,,,,,,,,,,,,,,,,,
,,,,,,,,,,,,,,,,,,,,,,
,,,,,,,,,,,,,,,,,,,,,,
,,,,,,,,,,,,,,,,,,,,,,
,,,,,,,,,,,,,,,,,,,,,,
,,,,,,,,,,,,,,,,,,,,,,
,,,,,,,,,,,,,,,,,,,,,,
,,,,,,,,,,,,,,,,,,,,,,
,,,,,,,,,,,,,,,,,,,,,,
,,,,,,,,,,,,,,,,,,,,,,
,,,,,,,,,,,,,,,,,,,,,,
,,,,,,,,,,,,,,,,,,,,,,
,,,,,,,,,,,,,,,,,,,,,,
,,,,,,,,,,,,,,,,,,,,,,
,,,,,,,,,,,,,,,,,,,,,,
,,,,,,,,,,,,,,,,,,,,,,
,,,,,,,,,,,,,,,,,,,,,,
,,,,,,,,,,,,,,,,,,,,,,
,,,,,,,,,,,,,,,,,,,,,,
,,,,,,,,,,,,,,,,,,,,,,
,,,,,,,,,,,,,,,,,,,,,,
,,,,,,,,,,,,,,,,,,,,,,
,,,,,,,,,,,,,,,,,,,,,,
,,,,,,,,,,,,,,,,,,,,,,
,,,,,,,,,,,,,,,,,,,,,,
,,,,,,,,,,,,,,,,,,,,,,
,,,,,,,,,,,,,,,,,,,,,,
,,,,,,,,,,,,,,,,,,,,,,
,,,,,,,,,,,,,,,,,,,,,,
,,,,,,,,,,,,,,,,,,,,,,
,,,,,,,,,,,,,,,,,,,,,,
,,,,,,,,,,,,,,,,,,,,,,
,,,,,,,,,,,,,,,,,,,,,,
,,,,,,,,,,,,,,,,,,,,,,
,,,,,,,,,,,,,,,,,,,,,,
,,,,,,,,,,,,,,,,,,,,,,
,,,,,,,,,,,,,,,,,,,,,,
,,,,,,,,,,,,,,,,,,,,,,
,,,,,,,,,,,,,,,,,,,,,,
,,,,,,,,,,,,,,,,,,,,,,
,,,,,,,,,,,,,,,,,,,,,,
,,,,,,,,,,,,,,,,,,,,,,
,,,,,,,,,,,,,,,,,,,,,,
,,,,,,,,,,,,,,,,,,,,,,
,,,,,,,,,,,,,,,,,,,,,,
,,,,,,,,,,,,,,,,,,,,,,
,,,,,,,,,,,,,,,,,,,,,,
,,,,,,,,,,,,,,,,,,,,,,
,,,,,,,,,,,,,,,,,,,,,,
,,,,,,,,,,,,,,,,,,,,,,
,,,,,,,,,,,,,,,,,,,,,,
,,,,,,,,,,,,,,,,,,,,,,
,,,,,,,,,,,,,,,,,,,,,,
,,,,,,,,,,,,,,,,,,,,,,
,,,,,,,,,,,,,,,,,,,,,,
,,,,,,,,,,,,,,,,,,,,,,
,,,,,,,,,,,,,,,,,,,,,,
,,,,,,,,,,,,,,,,,,,,,,
,,,,,,,,,,,,,,,,,,,,,,
,,,,,,,,,,,,,,,,,,,,,,
,,,,,,,,,,,,,,,,,,,,,,
,,,,,,,,,,,,,,,,,,,,,,
,,,,,,,,,,,,,,,,,,,,,,
,,,,,,,,,,,,,,,,,,,,,,
,,,,,,,,,,,,,,,,,,,,,,
,,,,,,,,,,,,,,,,,,,,,,
,,,,,,,,,,,,,,,,,,,,,,
,,,,,,,,,,,,,,,,,,,,,,
,,,,,,,,,,,,,,,,,,,,,,
,,,,,,,,,,,,,,,,,,,,,,
,,,,,,,,,,,,,,,,,,,,,,
,,,,,,,,,,,,,,,,,,,,,,
,,,,,,,,,,,,,,,,,,,,,,
,,,,,,,,,,,,,,,,,,,,,,
,,,,,,,,,,,,,,,,,,,,,,
,,,,,,,,,,,,,,,,,,,,,,
,,,,,,,,,,,,,,,,,,,,,,
,,,,,,,,,,,,,,,,,,,,,,
,,,,,,,,,,,,,,,,,,,,,,
,,,,,,,,,,,,,,,,,,,,,,
,,,,,,,,,,,,,,,,,,,,,,
,,,,,,,,,,,,,,,,,,,,,,
,,,,,,,,,,,,,,,,,,,,,,
,,,,,,,,,,,,,,,,,,,,,,
,,,,,,,,,,,,,,,,,,,,,,
,,,,,,,,,,,,,,,,,,,,,,
,,,,,,,,,,,,,,,,,,,,,,
,,,,,,,,,,,,,,,,,,,,,,
,,,,,,,,,,,,,,,,,,,,,,
,,,,,,,,,,,,,,,,,,,,,,
,,,,,,,,,,,,,,,,,,,,,,
,,,,,,,,,,,,,,,,,,,,,,
,,,,,,,,,,,,,,,,,,,,,,
,,,,,,,,,,,,,,,,,,,,,,
,,,,,,,,,,,,,,,,,,,,,,
,,,,,,,,,,,,,,,,,,,,,,
,,,,,,,,,,,,,,,,,,,,,,
,,,,,,,,,,,,,,,,,,,,,,
,,,,,,,,,,,,,,,,,,,,,,
,,,,,,,,,,,,,,,,,,,,,,
,,,,,,,,,,,,,,,,,,,,,,
,,,,,,,,,,,,,,,,,,,,,,
,,,,,,,,,,,,,,,,,,,,,,
,,,,,,,,,,,,,,,,,,,,,,
,,,,,,,,,,,,,,,,,,,,,,
